Workbook
Name Slicer_ارز: #N/A
Name Slicer_کد_پروژه: #N/A

Sheet نقدینگی ارزی
C12: ارز | D12: تولید | E12: تامین | F12: نصب | G12: راه‌اندازی | H12: مکانیکال | I12: مهندسی | J12: مدیریت | K12: مجموع
B13: جمع | C13: $ | D13: =SUMPRODUCT(SUBTOTAL(9, OFFSET(D19,ROW(Table2[تولید])-ROW(D19), 0)), --(Table2[ارز]=C13)) -> 0 | E13: =SUMPRODUCT(SUBTOTAL(9, OFFSET(E19,ROW(Table2[تامین])-ROW(E19), 0)), --(Table2[ارز]=C13)) -> 0 | F13: =SUMPRODUCT(SUBTOTAL(9, OFFSET(F19,ROW(Table2[نصب])-ROW(F19), 0)), --(Table2[ارز]=C13)) -> 0 | G13: =SUMPRODUCT(SUBTOTAL(9, OFFSET(G19,ROW(Table2[راه اندازی])-ROW(G19), 0)), --(Table2[ارز]=C13)) -> 0 | H13: =SUMPRODUCT(SUBTOTAL(9, OFFSET(H19,ROW(Table2[مکانیکال])-ROW(H19), 0)), --(Table2[ارز]=C13)) -> 0 | I13: =SUMPRODUCT(SUBTOTAL(9, OFFSET(I19,ROW(Table2[مهندسی])-ROW(I19), 0)), --(Table2[ارز]=C13)) -> 0 | J13: =SUMPRODUCT(SUBTOTAL(9, OFFSET(J19,ROW(Table2[مدیریت])-ROW(J19), 0)), --(Table2[ارز]=C13)) -> 0 | K13: =SUMPRODUCT(SUBTOTAL(9, OFFSET(K19,ROW(Table2[جمع])-ROW(K19), 0)), --(Table2[ارز]=C13)) -> 0
B14: جمع | C14: ¥ | D14: =SUMPRODUCT(SUBTOTAL(9, OFFSET(D19,ROW(Table2[تولید])-ROW(D19), 0)), --(Table2[ارز]=C14)) -> 0 | E14: =SUMPRODUCT(SUBTOTAL(9, OFFSET(E19,ROW(Table2[تامین])-ROW(E19), 0)), --(Table2[ارز]=C14)) -> 0 | F14: =SUMPRODUCT(SUBTOTAL(9, OFFSET(F19,ROW(Table2[نصب])-ROW(F19), 0)), --(Table2[ارز]=C14)) -> 0 | G14: =SUMPRODUCT(SUBTOTAL(9, OFFSET(G19,ROW(Table2[راه اندازی])-ROW(G19), 0)), --(Table2[ارز]=C14)) -> 0 | H14: =SUMPRODUCT(SUBTOTAL(9, OFFSET(H19,ROW(Table2[مکانیکال])-ROW(H19), 0)), --(Table2[ارز]=C14)) -> 0 | I14: =SUMPRODUCT(SUBTOTAL(9, OFFSET(I19,ROW(Table2[مهندسی])-ROW(I19), 0)), --(Table2[ارز]=C14)) -> 0 | J14: =SUMPRODUCT(SUBTOTAL(9, OFFSET(J19,ROW(Table2[مدیریت])-ROW(J19), 0)), --(Table2[ارز]=C14)) -> 0 | K14: =SUMPRODUCT(SUBTOTAL(9, OFFSET(K19,ROW(Table2[جمع])-ROW(K19), 0)), --(Table2[ارز]=C14)) -> 0
B15: جمع | C15: € | D15: =SUMPRODUCT(SUBTOTAL(9, OFFSET(D19,ROW(Table2[تولید])-ROW(D19), 0)), --(Table2[ارز]=C15)) -> 0 | E15: =SUMPRODUCT(SUBTOTAL(9, OFFSET(E19,ROW(Table2[تامین])-ROW(E19), 0)), --(Table2[ارز]=C15)) -> 0 | F15: =SUMPRODUCT(SUBTOTAL(9, OFFSET(F19,ROW(Table2[نصب])-ROW(F19), 0)), --(Table2[ارز]=C15)) -> 0 | G15: =SUMPRODUCT(SUBTOTAL(9, OFFSET(G19,ROW(Table2[راه اندازی])-ROW(G19), 0)), --(Table2[ارز]=C15)) -> 0 | H15: =SUMPRODUCT(SUBTOTAL(9, OFFSET(H19,ROW(Table2[مکانیکال])-ROW(H19), 0)), --(Table2[ارز]=C15)) -> 0 | I15: =SUMPRODUCT(SUBTOTAL(9, OFFSET(I19,ROW(Table2[مهندسی])-ROW(I19), 0)), --(Table2[ارز]=C15)) -> 0 | J15: =SUMPRODUCT(SUBTOTAL(9, OFFSET(J19,ROW(Table2[مدیریت])-ROW(J19), 0)), --(Table2[ارز]=C15)) -> 0 | K15: =SUMPRODUCT(SUBTOTAL(9, OFFSET(K19,ROW(Table2[جمع])-ROW(K19), 0)), --(Table2[ارز]=C15)) -> 0
B16: جمع | C16: AED | D16: =SUMPRODUCT(SUBTOTAL(9, OFFSET(D19,ROW(Table2[تولید])-ROW(D19), 0)), --(Table2[ارز]=C16)) -> 8.1034483 | E16: =SUMPRODUCT(SUBTOTAL(9, OFFSET(E19,ROW(Table2[تامین])-ROW(E19), 0)), --(Table2[ارز]=C16)) -> 447.7 | F16: =SUMPRODUCT(SUBTOTAL(9, OFFSET(F19,ROW(Table2[نصب])-ROW(F19), 0)), --(Table2[ارز]=C16)) -> 0 | G16: =SUMPRODUCT(SUBTOTAL(9, OFFSET(G19,ROW(Table2[راه اندازی])-ROW(G19), 0)), --(Table2[ارز]=C16)) -> 0 | H16: =SUMPRODUCT(SUBTOTAL(9, OFFSET(H19,ROW(Table2[مکانیکال])-ROW(H19), 0)), --(Table2[ارز]=C16)) -> 191.2 | I16: =SUMPRODUCT(SUBTOTAL(9, OFFSET(I19,ROW(Table2[مهندسی])-ROW(I19), 0)), --(Table2[ارز]=C16)) -> 305.2 | J16: =SUMPRODUCT(SUBTOTAL(9, OFFSET(J19,ROW(Table2[مدیریت])-ROW(J19), 0)), --(Table2[ارز]=C16)) -> 0 | K16: =SUMPRODUCT(SUBTOTAL(9, OFFSET(K19,ROW(Table2[جمع])-ROW(K19), 0)), --(Table2[ارز]=C16)) -> 1209.2034
B18: کد پروژه | C18: ارز | D18: تولید | E18: تامین | F18: نصب | G18: راه اندازی | H18: مکانیکال | I18: مهندسی | J18: مدیریت | K18: جمع
B19: Project 1 | C19: $ | D19: =SUMIFS('ریز نقدینگی ارزی'!$F$4:$F$1036,'ریز نقدینگی ارزی'!$F$4:$F$1036,">0",'ریز نقدینگی ارزی'!$C$4:$C$1036,B19,'ریز نقدینگی ارزی'!$E$4:$E$1036,$D$18,'ریز نقدینگی ارزی'!$B$4:$B$1036,C19)-SUMIFS('ریز نقدینگی ارزی'!$G$4:$G$1036,'ریز نقدینگی ارزی'!$G$4:$G$1036,">0",'ریز نقدینگی ارزی'!$C$4:$C$1036,B19,'ریز نقدینگی ارزی'!$E$4:$E$1036,$D$18,'ریز نقدینگی ارزی'!$B$4:$B$1036,C19) -> 0 | E19: =SUMIFS('ریز نقدینگی ارزی'!$F$4:$F$1036,'ریز نقدینگی ارزی'!$F$4:$F$1036,">0",'ریز نقدینگی ارزی'!$C$4:$C$1036,B19,'ریز نقدینگی ارزی'!$E$4:$E$1036,$E$18,'ریز نقدینگی ارزی'!$B$4:$B$1036,C19)-SUMIFS('ریز نقدینگی ارزی'!$G$4:$G$1036,'ریز نقدینگی ارزی'!$G$4:$G$1036,">0",'ریز نقدینگی ارزی'!$C$4:$C$1036,B19,'ریز نقدینگی ارزی'!$E$4:$E$1036,$E$18,'ریز نقدینگی ارزی'!$B$4:$B$1036,C19) -> 0 | F19: =SUMIFS('ریز نقدینگی ارزی'!$F$4:$F$1036,'ریز نقدینگی ارزی'!$F$4:$F$1036,">0",'ریز نقدینگی ارزی'!$C$4:$C$1036,B19,'ریز نقدینگی ارزی'!$E$4:$E$1036,$F$18,'ریز نقدینگی ارزی'!$B$4:$B$1036,C19)-SUMIFS('ریز نقدینگی ارزی'!$G$4:$G$1036,'ریز نقدینگی ارزی'!$G$4:$G$1036,">0",'ریز نقدینگی ارزی'!$C$4:$C$1036,B19,'ریز نقدینگی ارزی'!$E$4:$E$1036,$F$18,'ریز نقدینگی ارزی'!$B$4:$B$1036,C19) -> 0 | G19: =SUMIFS('ریز نقدینگی ارزی'!$F$4:$F$1036,'ریز نقدینگی ارزی'!$F$4:$F$1036,">0",'ریز نقدینگی ارزی'!$C$4:$C$1036,B19,'ریز نقدینگی ارزی'!$E$4:$E$1036,$G$18,'ریز نقدینگی ارزی'!$B$4:$B$1036,C19)-SUMIFS('ریز نقدینگی ارزی'!$G$4:$G$1036,'ریز نقدینگی ارزی'!$G$4:$G$1036,">0",'ریز نقدینگی ارزی'!$C$4:$C$1036,B19,'ریز نقدینگی ارزی'!$E$4:$E$1036,$G$18,'ریز نقدینگی ارزی'!$B$4:$B$1036,C19) -> 0 | H19: =SUMIFS('ریز نقدینگی ارزی'!$F$4:$F$1036,'ریز نقدینگی ارزی'!$F$4:$F$1036,">0",'ریز نقدینگی ارزی'!$C$4:$C$1036,B19,'ریز نقدینگی ارزی'!$E$4:$E$1036,$H$18,'ریز نقدینگی ارزی'!$B$4:$B$1036,C19)-SUMIFS('ریز نقدینگی ارزی'!$G$4:$G$1036,'ریز نقدینگی ارزی'!$G$4:$G$1036,">0",'ریز نقدینگی ارزی'!$C$4:$C$1036,B19,'ریز نقدینگی ارزی'!$E$4:$E$1036,$H$18,'ریز نقدینگی ارزی'!$B$4:$B$1036,C19) -> 0 | I19: =SUMIFS('ریز نقدینگی ارزی'!$F$4:$F$1036,'ریز نقدینگی ارزی'!$F$4:$F$1036,">0",'ریز نقدینگی ارزی'!$C$4:$C$1036,B19,'ریز نقدینگی ارزی'!$E$4:$E$1036,$I$18,'ریز نقدینگی ارزی'!$B$4:$B$1036,C19)-SUMIFS('ریز نقدینگی ارزی'!$G$4:$G$1036,'ریز نقدینگی ارزی'!$G$4:$G$1036,">0",'ریز نقدینگی ارزی'!$C$4:$C$1036,B19,'ریز نقدینگی ارزی'!$E$4:$E$1036,$I$18,'ریز نقدینگی ارزی'!$B$4:$B$1036,C19) -> 0 | J19: =SUMIFS('ریز نقدینگی ارزی'!$F$4:$F$1036,'ریز نقدینگی ارزی'!$F$4:$F$1036,">0",'ریز نقدینگی ارزی'!$C$4:$C$1036,B19,'ریز نقدینگی ارزی'!$E$4:$E$1036,$J$18,'ریز نقدینگی ارزی'!$B$4:$B$1036,C19)-SUMIFS('ریز نقدینگی ارزی'!$G$4:$G$1036,'ریز نقدینگی ارزی'!$G$4:$G$1036,">0",'ریز نقدینگی ارزی'!$C$4:$C$1036,B19,'ریز نقدینگی ارزی'!$E$4:$E$1036,$J$18,'ریز نقدینگی ارزی'!$B$4:$B$1036,C19) -> 0 | K19: =SUM(Table2[[#This Row],[تولید]:[مدیریت]]) -> 0
B20: Project 1 | C20: ¥ | D20: =SUMIFS('ریز نقدینگی ارزی'!$F$4:$F$1036,'ریز نقدینگی ارزی'!$F$4:$F$1036,">0",'ریز نقدینگی ارزی'!$C$4:$C$1036,B20,'ریز نقدینگی ارزی'!$E$4:$E$1036,$D$18,'ریز نقدینگی ارزی'!$B$4:$B$1036,C20)-SUMIFS('ریز نقدینگی ارزی'!$G$4:$G$1036,'ریز نقدینگی ارزی'!$G$4:$G$1036,">0",'ریز نقدینگی ارزی'!$C$4:$C$1036,B20,'ریز نقدینگی ارزی'!$E$4:$E$1036,$D$18,'ریز نقدینگی ارزی'!$B$4:$B$1036,C20) -> 0 | E20: =SUMIFS('ریز نقدینگی ارزی'!$F$4:$F$1036,'ریز نقدینگی ارزی'!$F$4:$F$1036,">0",'ریز نقدینگی ارزی'!$C$4:$C$1036,B20,'ریز نقدینگی ارزی'!$E$4:$E$1036,$E$18,'ریز نقدینگی ارزی'!$B$4:$B$1036,C20)-SUMIFS('ریز نقدینگی ارزی'!$G$4:$G$1036,'ریز نقدینگی ارزی'!$G$4:$G$1036,">0",'ریز نقدینگی ارزی'!$C$4:$C$1036,B20,'ریز نقدینگی ارزی'!$E$4:$E$1036,$E$18,'ریز نقدینگی ارزی'!$B$4:$B$1036,C20) -> 0 | F20: =SUMIFS('ریز نقدینگی ارزی'!$F$4:$F$1036,'ریز نقدینگی ارزی'!$F$4:$F$1036,">0",'ریز نقدینگی ارزی'!$C$4:$C$1036,B20,'ریز نقدینگی ارزی'!$E$4:$E$1036,$F$18,'ریز نقدینگی ارزی'!$B$4:$B$1036,C20)-SUMIFS('ریز نقدینگی ارزی'!$G$4:$G$1036,'ریز نقدینگی ارزی'!$G$4:$G$1036,">0",'ریز نقدینگی ارزی'!$C$4:$C$1036,B20,'ریز نقدینگی ارزی'!$E$4:$E$1036,$F$18,'ریز نقدینگی ارزی'!$B$4:$B$1036,C20) -> 0 | G20: =SUMIFS('ریز نقدینگی ارزی'!$F$4:$F$1036,'ریز نقدینگی ارزی'!$F$4:$F$1036,">0",'ریز نقدینگی ارزی'!$C$4:$C$1036,B20,'ریز نقدینگی ارزی'!$E$4:$E$1036,$G$18,'ریز نقدینگی ارزی'!$B$4:$B$1036,C20)-SUMIFS('ریز نقدینگی ارزی'!$G$4:$G$1036,'ریز نقدینگی ارزی'!$G$4:$G$1036,">0",'ریز نقدینگی ارزی'!$C$4:$C$1036,B20,'ریز نقدینگی ارزی'!$E$4:$E$1036,$G$18,'ریز نقدینگی ارزی'!$B$4:$B$1036,C20) -> 0 | H20: =SUMIFS('ریز نقدینگی ارزی'!$F$4:$F$1036,'ریز نقدینگی ارزی'!$F$4:$F$1036,">0",'ریز نقدینگی ارزی'!$C$4:$C$1036,B20,'ریز نقدینگی ارزی'!$E$4:$E$1036,$H$18,'ریز نقدینگی ارزی'!$B$4:$B$1036,C20)-SUMIFS('ریز نقدینگی ارزی'!$G$4:$G$1036,'ریز نقدینگی ارزی'!$G$4:$G$1036,">0",'ریز نقدینگی ارزی'!$C$4:$C$1036,B20,'ریز نقدینگی ارزی'!$E$4:$E$1036,$H$18,'ریز نقدینگی ارزی'!$B$4:$B$1036,C20) -> 0 | I20: =SUMIFS('ریز نقدینگی ارزی'!$F$4:$F$1036,'ریز نقدینگی ارزی'!$F$4:$F$1036,">0",'ریز نقدینگی ارزی'!$C$4:$C$1036,B20,'ریز نقدینگی ارزی'!$E$4:$E$1036,$I$18,'ریز نقدینگی ارزی'!$B$4:$B$1036,C20)-SUMIFS('ریز نقدینگی ارزی'!$G$4:$G$1036,'ریز نقدینگی ارزی'!$G$4:$G$1036,">0",'ریز نقدینگی ارزی'!$C$4:$C$1036,B20,'ریز نقدینگی ارزی'!$E$4:$E$1036,$I$18,'ریز نقدینگی ارزی'!$B$4:$B$1036,C20) -> 0 | J20: =SUMIFS('ریز نقدینگی ارزی'!$F$4:$F$1036,'ریز نقدینگی ارزی'!$F$4:$F$1036,">0",'ریز نقدینگی ارزی'!$C$4:$C$1036,B20,'ریز نقدینگی ارزی'!$E$4:$E$1036,$J$18,'ریز نقدینگی ارزی'!$B$4:$B$1036,C20)-SUMIFS('ریز نقدینگی ارزی'!$G$4:$G$1036,'ریز نقدینگی ارزی'!$G$4:$G$1036,">0",'ریز نقدینگی ارزی'!$C$4:$C$1036,B20,'ریز نقدینگی ارزی'!$E$4:$E$1036,$J$18,'ریز نقدینگی ارزی'!$B$4:$B$1036,C20) -> 0 | K20: =SUM(Table2[[#This Row],[تولید]:[مدیریت]]) -> 0
B21: Project 1 | C21: € | D21: =SUMIFS('ریز نقدینگی ارزی'!$F$4:$F$1036,'ریز نقدینگی ارزی'!$F$4:$F$1036,">0",'ریز نقدینگی ارزی'!$C$4:$C$1036,B21,'ریز نقدینگی ارزی'!$E$4:$E$1036,$D$18,'ریز نقدینگی ارزی'!$B$4:$B$1036,C21)-SUMIFS('ریز نقدینگی ارزی'!$G$4:$G$1036,'ریز نقدینگی ارزی'!$G$4:$G$1036,">0",'ریز نقدینگی ارزی'!$C$4:$C$1036,B21,'ریز نقدینگی ارزی'!$E$4:$E$1036,$D$18,'ریز نقدینگی ارزی'!$B$4:$B$1036,C21) -> 0 | E21: =SUMIFS('ریز نقدینگی ارزی'!$F$4:$F$1036,'ریز نقدینگی ارزی'!$F$4:$F$1036,">0",'ریز نقدینگی ارزی'!$C$4:$C$1036,B21,'ریز نقدینگی ارزی'!$E$4:$E$1036,$E$18,'ریز نقدینگی ارزی'!$B$4:$B$1036,C21)-SUMIFS('ریز نقدینگی ارزی'!$G$4:$G$1036,'ریز نقدینگی ارزی'!$G$4:$G$1036,">0",'ریز نقدینگی ارزی'!$C$4:$C$1036,B21,'ریز نقدینگی ارزی'!$E$4:$E$1036,$E$18,'ریز نقدینگی ارزی'!$B$4:$B$1036,C21) -> 435.27 | F21: =SUMIFS('ریز نقدینگی ارزی'!$F$4:$F$1036,'ریز نقدینگی ارزی'!$F$4:$F$1036,">0",'ریز نقدینگی ارزی'!$C$4:$C$1036,B21,'ریز نقدینگی ارزی'!$E$4:$E$1036,$F$18,'ریز نقدینگی ارزی'!$B$4:$B$1036,C21)-SUMIFS('ریز نقدینگی ارزی'!$G$4:$G$1036,'ریز نقدینگی ارزی'!$G$4:$G$1036,">0",'ریز نقدینگی ارزی'!$C$4:$C$1036,B21,'ریز نقدینگی ارزی'!$E$4:$E$1036,$F$18,'ریز نقدینگی ارزی'!$B$4:$B$1036,C21) -> 0 | G21: =SUMIFS('ریز نقدینگی ارزی'!$F$4:$F$1036,'ریز نقدینگی ارزی'!$F$4:$F$1036,">0",'ریز نقدینگی ارزی'!$C$4:$C$1036,B21,'ریز نقدینگی ارزی'!$E$4:$E$1036,$G$18,'ریز نقدینگی ارزی'!$B$4:$B$1036,C21)-SUMIFS('ریز نقدینگی ارزی'!$G$4:$G$1036,'ریز نقدینگی ارزی'!$G$4:$G$1036,">0",'ریز نقدینگی ارزی'!$C$4:$C$1036,B21,'ریز نقدینگی ارزی'!$E$4:$E$1036,$G$18,'ریز نقدینگی ارزی'!$B$4:$B$1036,C21) -> 0 | H21: =SUMIFS('ریز نقدینگی ارزی'!$F$4:$F$1036,'ریز نقدینگی ارزی'!$F$4:$F$1036,">0",'ریز نقدینگی ارزی'!$C$4:$C$1036,B21,'ریز نقدینگی ارزی'!$E$4:$E$1036,$H$18,'ریز نقدینگی ارزی'!$B$4:$B$1036,C21)-SUMIFS('ریز نقدینگی ارزی'!$G$4:$G$1036,'ریز نقدینگی ارزی'!$G$4:$G$1036,">0",'ریز نقدینگی ارزی'!$C$4:$C$1036,B21,'ریز نقدینگی ارزی'!$E$4:$E$1036,$H$18,'ریز نقدینگی ارزی'!$B$4:$B$1036,C21) -> 0 | I21: =SUMIFS('ریز نقدینگی ارزی'!$F$4:$F$1036,'ریز نقدینگی ارزی'!$F$4:$F$1036,">0",'ریز نقدینگی ارزی'!$C$4:$C$1036,B21,'ریز نقدینگی ارزی'!$E$4:$E$1036,$I$18,'ریز نقدینگی ارزی'!$B$4:$B$1036,C21)-SUMIFS('ریز نقدینگی ارزی'!$G$4:$G$1036,'ریز نقدینگی ارزی'!$G$4:$G$1036,">0",'ریز نقدینگی ارزی'!$C$4:$C$1036,B21,'ریز نقدینگی ارزی'!$E$4:$E$1036,$I$18,'ریز نقدینگی ارزی'!$B$4:$B$1036,C21) -> 577 | J21: =SUMIFS('ریز نقدینگی ارزی'!$F$4:$F$1036,'ریز نقدینگی ارزی'!$F$4:$F$1036,">0",'ریز نقدینگی ارزی'!$C$4:$C$1036,B21,'ریز نقدینگی ارزی'!$E$4:$E$1036,$J$18,'ریز نقدینگی ارزی'!$B$4:$B$1036,C21)-SUMIFS('ریز نقدینگی ارزی'!$G$4:$G$1036,'ریز نقدینگی ارزی'!$G$4:$G$1036,">0",'ریز نقدینگی ارزی'!$C$4:$C$1036,B21,'ریز نقدینگی ارزی'!$E$4:$E$1036,$J$18,'ریز نقدینگی ارزی'!$B$4:$B$1036,C21) -> 0 | K21: =SUM(Table2[[#This Row],[تولید]:[مدیریت]]) -> 1012.27
B22: Project 1 | C22: AED | D22: =SUMIFS('ریز نقدینگی ارزی'!$F$4:$F$1036,'ریز نقدینگی ارزی'!$F$4:$F$1036,">0",'ریز نقدینگی ارزی'!$C$4:$C$1036,B22,'ریز نقدینگی ارزی'!$E$4:$E$1036,$D$18,'ریز نقدینگی ارزی'!$B$4:$B$1036,C22)-SUMIFS('ریز نقدینگی ارزی'!$G$4:$G$1036,'ریز نقدینگی ارزی'!$G$4:$G$1036,">0",'ریز نقدینگی ارزی'!$C$4:$C$1036,B22,'ریز نقدینگی ارزی'!$E$4:$E$1036,$D$18,'ریز نقدینگی ارزی'!$B$4:$B$1036,C22) -> 1 | E22: =SUMIFS('ریز نقدینگی ارزی'!$F$4:$F$1036,'ریز نقدینگی ارزی'!$F$4:$F$1036,">0",'ریز نقدینگی ارزی'!$C$4:$C$1036,B22,'ریز نقدینگی ارزی'!$E$4:$E$1036,$E$18,'ریز نقدینگی ارزی'!$B$4:$B$1036,C22)-SUMIFS('ریز نقدینگی ارزی'!$G$4:$G$1036,'ریز نقدینگی ارزی'!$G$4:$G$1036,">0",'ریز نقدینگی ارزی'!$C$4:$C$1036,B22,'ریز نقدینگی ارزی'!$E$4:$E$1036,$E$18,'ریز نقدینگی ارزی'!$B$4:$B$1036,C22) -> 435.6 | F22: =SUMIFS('ریز نقدینگی ارزی'!$F$4:$F$1036,'ریز نقدینگی ارزی'!$F$4:$F$1036,">0",'ریز نقدینگی ارزی'!$C$4:$C$1036,B22,'ریز نقدینگی ارزی'!$E$4:$E$1036,$F$18,'ریز نقدینگی ارزی'!$B$4:$B$1036,C22)-SUMIFS('ریز نقدینگی ارزی'!$G$4:$G$1036,'ریز نقدینگی ارزی'!$G$4:$G$1036,">0",'ریز نقدینگی ارزی'!$C$4:$C$1036,B22,'ریز نقدینگی ارزی'!$E$4:$E$1036,$F$18,'ریز نقدینگی ارزی'!$B$4:$B$1036,C22) -> 0 | G22: =SUMIFS('ریز نقدینگی ارزی'!$F$4:$F$1036,'ریز نقدینگی ارزی'!$F$4:$F$1036,">0",'ریز نقدینگی ارزی'!$C$4:$C$1036,B22,'ریز نقدینگی ارزی'!$E$4:$E$1036,$G$18,'ریز نقدینگی ارزی'!$B$4:$B$1036,C22)-SUMIFS('ریز نقدینگی ارزی'!$G$4:$G$1036,'ریز نقدینگی ارزی'!$G$4:$G$1036,">0",'ریز نقدینگی ارزی'!$C$4:$C$1036,B22,'ریز نقدینگی ارزی'!$E$4:$E$1036,$G$18,'ریز نقدینگی ارزی'!$B$4:$B$1036,C22) -> 0 | H22: =SUMIFS('ریز نقدینگی ارزی'!$F$4:$F$1036,'ریز نقدینگی ارزی'!$F$4:$F$1036,">0",'ریز نقدینگی ارزی'!$C$4:$C$1036,B22,'ریز نقدینگی ارزی'!$E$4:$E$1036,$H$18,'ریز نقدینگی ارزی'!$B$4:$B$1036,C22)-SUMIFS('ریز نقدینگی ارزی'!$G$4:$G$1036,'ریز نقدینگی ارزی'!$G$4:$G$1036,">0",'ریز نقدینگی ارزی'!$C$4:$C$1036,B22,'ریز نقدینگی ارزی'!$E$4:$E$1036,$H$18,'ریز نقدینگی ارزی'!$B$4:$B$1036,C22) -> 191.2 | I22: =SUMIFS('ریز نقدینگی ارزی'!$F$4:$F$1036,'ریز نقدینگی ارزی'!$F$4:$F$1036,">0",'ریز نقدینگی ارزی'!$C$4:$C$1036,B22,'ریز نقدینگی ارزی'!$E$4:$E$1036,$I$18,'ریز نقدینگی ارزی'!$B$4:$B$1036,C22)-SUMIFS('ریز نقدینگی ارزی'!$G$4:$G$1036,'ریز نقدینگی ارزی'!$G$4:$G$1036,">0",'ریز نقدینگی ارزی'!$C$4:$C$1036,B22,'ریز نقدینگی ارزی'!$E$4:$E$1036,$I$18,'ریز نقدینگی ارزی'!$B$4:$B$1036,C22) -> 305.2 | J22: =SUMIFS('ریز نقدینگی ارزی'!$F$4:$F$1036,'ریز نقدینگی ارزی'!$F$4:$F$1036,">0",'ریز نقدینگی ارزی'!$C$4:$C$1036,B22,'ریز نقدینگی ارزی'!$E$4:$E$1036,$J$18,'ریز نقدینگی ارزی'!$B$4:$B$1036,C22)-SUMIFS('ریز نقدینگی ارزی'!$G$4:$G$1036,'ریز نقدینگی ارزی'!$G$4:$G$1036,">0",'ریز نقدینگی ارزی'!$C$4:$C$1036,B22,'ریز نقدینگی ارزی'!$E$4:$E$1036,$J$18,'ریز نقدینگی ارزی'!$B$4:$B$1036,C22) -> 0 | K22: =SUM(Table2[[#This Row],[تولید]:[مدیریت]]) -> 933
B23: Project 2 | C23: $ | D23: =SUMIFS('ریز نقدینگی ارزی'!$F$4:$F$1036,'ریز نقدینگی ارزی'!$F$4:$F$1036,">0",'ریز نقدینگی ارزی'!$C$4:$C$1036,B23,'ریز نقدینگی ارزی'!$E$4:$E$1036,$D$18,'ریز نقدینگی ارزی'!$B$4:$B$1036,C23)-SUMIFS('ریز نقدینگی ارزی'!$G$4:$G$1036,'ریز نقدینگی ارزی'!$G$4:$G$1036,">0",'ریز نقدینگی ارزی'!$C$4:$C$1036,B23,'ریز نقدینگی ارزی'!$E$4:$E$1036,$D$18,'ریز نقدینگی ارزی'!$B$4:$B$1036,C23) -> 0 | E23: =SUMIFS('ریز نقدینگی ارزی'!$F$4:$F$1036,'ریز نقدینگی ارزی'!$F$4:$F$1036,">0",'ریز نقدینگی ارزی'!$C$4:$C$1036,B23,'ریز نقدینگی ارزی'!$E$4:$E$1036,$E$18,'ریز نقدینگی ارزی'!$B$4:$B$1036,C23)-SUMIFS('ریز نقدینگی ارزی'!$G$4:$G$1036,'ریز نقدینگی ارزی'!$G$4:$G$1036,">0",'ریز نقدینگی ارزی'!$C$4:$C$1036,B23,'ریز نقدینگی ارزی'!$E$4:$E$1036,$E$18,'ریز نقدینگی ارزی'!$B$4:$B$1036,C23) -> 835.2 | F23: =SUMIFS('ریز نقدینگی ارزی'!$F$4:$F$1036,'ریز نقدینگی ارزی'!$F$4:$F$1036,">0",'ریز نقدینگی ارزی'!$C$4:$C$1036,B23,'ریز نقدینگی ارزی'!$E$4:$E$1036,$F$18,'ریز نقدینگی ارزی'!$B$4:$B$1036,C23)-SUMIFS('ریز نقدینگی ارزی'!$G$4:$G$1036,'ریز نقدینگی ارزی'!$G$4:$G$1036,">0",'ریز نقدینگی ارزی'!$C$4:$C$1036,B23,'ریز نقدینگی ارزی'!$E$4:$E$1036,$F$18,'ریز نقدینگی ارزی'!$B$4:$B$1036,C23) -> 0 | G23: =SUMIFS('ریز نقدینگی ارزی'!$F$4:$F$1036,'ریز نقدینگی ارزی'!$F$4:$F$1036,">0",'ریز نقدینگی ارزی'!$C$4:$C$1036,B23,'ریز نقدینگی ارزی'!$E$4:$E$1036,$G$18,'ریز نقدینگی ارزی'!$B$4:$B$1036,C23)-SUMIFS('ریز نقدینگی ارزی'!$G$4:$G$1036,'ریز نقدینگی ارزی'!$G$4:$G$1036,">0",'ریز نقدینگی ارزی'!$C$4:$C$1036,B23,'ریز نقدینگی ارزی'!$E$4:$E$1036,$G$18,'ریز نقدینگی ارزی'!$B$4:$B$1036,C23) -> 0 | H23: =SUMIFS('ریز نقدینگی ارزی'!$F$4:$F$1036,'ریز نقدینگی ارزی'!$F$4:$F$1036,">0",'ریز نقدینگی ارزی'!$C$4:$C$1036,B23,'ریز نقدینگی ارزی'!$E$4:$E$1036,$H$18,'ریز نقدینگی ارزی'!$B$4:$B$1036,C23)-SUMIFS('ریز نقدینگی ارزی'!$G$4:$G$1036,'ریز نقدینگی ارزی'!$G$4:$G$1036,">0",'ریز نقدینگی ارزی'!$C$4:$C$1036,B23,'ریز نقدینگی ارزی'!$E$4:$E$1036,$H$18,'ریز نقدینگی ارزی'!$B$4:$B$1036,C23) -> 0 | I23: =SUMIFS('ریز نقدینگی ارزی'!$F$4:$F$1036,'ریز نقدینگی ارزی'!$F$4:$F$1036,">0",'ریز نقدینگی ارزی'!$C$4:$C$1036,B23,'ریز نقدینگی ارزی'!$E$4:$E$1036,$I$18,'ریز نقدینگی ارزی'!$B$4:$B$1036,C23)-SUMIFS('ریز نقدینگی ارزی'!$G$4:$G$1036,'ریز نقدینگی ارزی'!$G$4:$G$1036,">0",'ریز نقدینگی ارزی'!$C$4:$C$1036,B23,'ریز نقدینگی ارزی'!$E$4:$E$1036,$I$18,'ریز نقدینگی ارزی'!$B$4:$B$1036,C23) -> 0 | J23: =SUMIFS('ریز نقدینگی ارزی'!$F$4:$F$1036,'ریز نقدینگی ارزی'!$F$4:$F$1036,">0",'ریز نقدینگی ارزی'!$C$4:$C$1036,B23,'ریز نقدینگی ارزی'!$E$4:$E$1036,$J$18,'ریز نقدینگی ارزی'!$B$4:$B$1036,C23)-SUMIFS('ریز نقدینگی ارزی'!$G$4:$G$1036,'ریز نقدینگی ارزی'!$G$4:$G$1036,">0",'ریز نقدینگی ارزی'!$C$4:$C$1036,B23,'ریز نقدینگی ارزی'!$E$4:$E$1036,$J$18,'ریز نقدینگی ارزی'!$B$4:$B$1036,C23) -> 0 | K23: =SUM(Table2[[#This Row],[تولید]:[مدیریت]]) -> 835.2
B24: Project 2 | C24: ¥ | D24: =SUMIFS('ریز نقدینگی ارزی'!$F$4:$F$1036,'ریز نقدینگی ارزی'!$F$4:$F$1036,">0",'ریز نقدینگی ارزی'!$C$4:$C$1036,B24,'ریز نقدینگی ارزی'!$E$4:$E$1036,$D$18,'ریز نقدینگی ارزی'!$B$4:$B$1036,C24)-SUMIFS('ریز نقدینگی ارزی'!$G$4:$G$1036,'ریز نقدینگی ارزی'!$G$4:$G$1036,">0",'ریز نقدینگی ارزی'!$C$4:$C$1036,B24,'ریز نقدینگی ارزی'!$E$4:$E$1036,$D$18,'ریز نقدینگی ارزی'!$B$4:$B$1036,C24) -> 0 | E24: =SUMIFS('ریز نقدینگی ارزی'!$F$4:$F$1036,'ریز نقدینگی ارزی'!$F$4:$F$1036,">0",'ریز نقدینگی ارزی'!$C$4:$C$1036,B24,'ریز نقدینگی ارزی'!$E$4:$E$1036,$E$18,'ریز نقدینگی ارزی'!$B$4:$B$1036,C24)-SUMIFS('ریز نقدینگی ارزی'!$G$4:$G$1036,'ریز نقدینگی ارزی'!$G$4:$G$1036,">0",'ریز نقدینگی ارزی'!$C$4:$C$1036,B24,'ریز نقدینگی ارزی'!$E$4:$E$1036,$E$18,'ریز نقدینگی ارزی'!$B$4:$B$1036,C24) -> 321.9 | F24: =SUMIFS('ریز نقدینگی ارزی'!$F$4:$F$1036,'ریز نقدینگی ارزی'!$F$4:$F$1036,">0",'ریز نقدینگی ارزی'!$C$4:$C$1036,B24,'ریز نقدینگی ارزی'!$E$4:$E$1036,$F$18,'ریز نقدینگی ارزی'!$B$4:$B$1036,C24)-SUMIFS('ریز نقدینگی ارزی'!$G$4:$G$1036,'ریز نقدینگی ارزی'!$G$4:$G$1036,">0",'ریز نقدینگی ارزی'!$C$4:$C$1036,B24,'ریز نقدینگی ارزی'!$E$4:$E$1036,$F$18,'ریز نقدینگی ارزی'!$B$4:$B$1036,C24) -> 0 | G24: =SUMIFS('ریز نقدینگی ارزی'!$F$4:$F$1036,'ریز نقدینگی ارزی'!$F$4:$F$1036,">0",'ریز نقدینگی ارزی'!$C$4:$C$1036,B24,'ریز نقدینگی ارزی'!$E$4:$E$1036,$G$18,'ریز نقدینگی ارزی'!$B$4:$B$1036,C24)-SUMIFS('ریز نقدینگی ارزی'!$G$4:$G$1036,'ریز نقدینگی ارزی'!$G$4:$G$1036,">0",'ریز نقدینگی ارزی'!$C$4:$C$1036,B24,'ریز نقدینگی ارزی'!$E$4:$E$1036,$G$18,'ریز نقدینگی ارزی'!$B$4:$B$1036,C24) -> 0 | H24: =SUMIFS('ریز نقدینگی ارزی'!$F$4:$F$1036,'ریز نقدینگی ارزی'!$F$4:$F$1036,">0",'ریز نقدینگی ارزی'!$C$4:$C$1036,B24,'ریز نقدینگی ارزی'!$E$4:$E$1036,$H$18,'ریز نقدینگی ارزی'!$B$4:$B$1036,C24)-SUMIFS('ریز نقدینگی ارزی'!$G$4:$G$1036,'ریز نقدینگی ارزی'!$G$4:$G$1036,">0",'ریز نقدینگی ارزی'!$C$4:$C$1036,B24,'ریز نقدینگی ارزی'!$E$4:$E$1036,$H$18,'ریز نقدینگی ارزی'!$B$4:$B$1036,C24) -> 0 | I24: =SUMIFS('ریز نقدینگی ارزی'!$F$4:$F$1036,'ریز نقدینگی ارزی'!$F$4:$F$1036,">0",'ریز نقدینگی ارزی'!$C$4:$C$1036,B24,'ریز نقدینگی ارزی'!$E$4:$E$1036,$I$18,'ریز نقدینگی ارزی'!$B$4:$B$1036,C24)-SUMIFS('ریز نقدینگی ارزی'!$G$4:$G$1036,'ریز نقدینگی ارزی'!$G$4:$G$1036,">0",'ریز نقدینگی ارزی'!$C$4:$C$1036,B24,'ریز نقدینگی ارزی'!$E$4:$E$1036,$I$18,'ریز نقدینگی ارزی'!$B$4:$B$1036,C24) -> 0 | J24: =SUMIFS('ریز نقدینگی ارزی'!$F$4:$F$1036,'ریز نقدینگی ارزی'!$F$4:$F$1036,">0",'ریز نقدینگی ارزی'!$C$4:$C$1036,B24,'ریز نقدینگی ارزی'!$E$4:$E$1036,$J$18,'ریز نقدینگی ارزی'!$B$4:$B$1036,C24)-SUMIFS('ریز نقدینگی ارزی'!$G$4:$G$1036,'ریز نقدینگی ارزی'!$G$4:$G$1036,">0",'ریز نقدینگی ارزی'!$C$4:$C$1036,B24,'ریز نقدینگی ارزی'!$E$4:$E$1036,$J$18,'ریز نقدینگی ارزی'!$B$4:$B$1036,C24) -> 0 | K24: =SUM(Table2[[#This Row],[تولید]:[مدیریت]]) -> 321.9
B25: Project 2 | C25: € | D25: =SUMIFS('ریز نقدینگی ارزی'!$F$4:$F$1036,'ریز نقدینگی ارزی'!$F$4:$F$1036,">0",'ریز نقدینگی ارزی'!$C$4:$C$1036,B25,'ریز نقدینگی ارزی'!$E$4:$E$1036,$D$18,'ریز نقدینگی ارزی'!$B$4:$B$1036,C25)-SUMIFS('ریز نقدینگی ارزی'!$G$4:$G$1036,'ریز نقدینگی ارزی'!$G$4:$G$1036,">0",'ریز نقدینگی ارزی'!$C$4:$C$1036,B25,'ریز نقدینگی ارزی'!$E$4:$E$1036,$D$18,'ریز نقدینگی ارزی'!$B$4:$B$1036,C25) -> 0 | E25: =SUMIFS('ریز نقدینگی ارزی'!$F$4:$F$1036,'ریز نقدینگی ارزی'!$F$4:$F$1036,">0",'ریز نقدینگی ارزی'!$C$4:$C$1036,B25,'ریز نقدینگی ارزی'!$E$4:$E$1036,$E$18,'ریز نقدینگی ارزی'!$B$4:$B$1036,C25)-SUMIFS('ریز نقدینگی ارزی'!$G$4:$G$1036,'ریز نقدینگی ارزی'!$G$4:$G$1036,">0",'ریز نقدینگی ارزی'!$C$4:$C$1036,B25,'ریز نقدینگی ارزی'!$E$4:$E$1036,$E$18,'ریز نقدینگی ارزی'!$B$4:$B$1036,C25) -> 0 | F25: =SUMIFS('ریز نقدینگی ارزی'!$F$4:$F$1036,'ریز نقدینگی ارزی'!$F$4:$F$1036,">0",'ریز نقدینگی ارزی'!$C$4:$C$1036,B25,'ریز نقدینگی ارزی'!$E$4:$E$1036,$F$18,'ریز نقدینگی ارزی'!$B$4:$B$1036,C25)-SUMIFS('ریز نقدینگی ارزی'!$G$4:$G$1036,'ریز نقدینگی ارزی'!$G$4:$G$1036,">0",'ریز نقدینگی ارزی'!$C$4:$C$1036,B25,'ریز نقدینگی ارزی'!$E$4:$E$1036,$F$18,'ریز نقدینگی ارزی'!$B$4:$B$1036,C25) -> 0 | G25: =SUMIFS('ریز نقدینگی ارزی'!$F$4:$F$1036,'ریز نقدینگی ارزی'!$F$4:$F$1036,">0",'ریز نقدینگی ارزی'!$C$4:$C$1036,B25,'ریز نقدینگی ارزی'!$E$4:$E$1036,$G$18,'ریز نقدینگی ارزی'!$B$4:$B$1036,C25)-SUMIFS('ریز نقدینگی ارزی'!$G$4:$G$1036,'ریز نقدینگی ارزی'!$G$4:$G$1036,">0",'ریز نقدینگی ارزی'!$C$4:$C$1036,B25,'ریز نقدینگی ارزی'!$E$4:$E$1036,$G$18,'ریز نقدینگی ارزی'!$B$4:$B$1036,C25) -> 0 | H25: =SUMIFS('ریز نقدینگی ارزی'!$F$4:$F$1036,'ریز نقدینگی ارزی'!$F$4:$F$1036,">0",'ریز نقدینگی ارزی'!$C$4:$C$1036,B25,'ریز نقدینگی ارزی'!$E$4:$E$1036,$H$18,'ریز نقدینگی ارزی'!$B$4:$B$1036,C25)-SUMIFS('ریز نقدینگی ارزی'!$G$4:$G$1036,'ریز نقدینگی ارزی'!$G$4:$G$1036,">0",'ریز نقدینگی ارزی'!$C$4:$C$1036,B25,'ریز نقدینگی ارزی'!$E$4:$E$1036,$H$18,'ریز نقدینگی ارزی'!$B$4:$B$1036,C25) -> 0 | I25: =SUMIFS('ریز نقدینگی ارزی'!$F$4:$F$1036,'ریز نقدینگی ارزی'!$F$4:$F$1036,">0",'ریز نقدینگی ارزی'!$C$4:$C$1036,B25,'ریز نقدینگی ارزی'!$E$4:$E$1036,$I$18,'ریز نقدینگی ارزی'!$B$4:$B$1036,C25)-SUMIFS('ریز نقدینگی ارزی'!$G$4:$G$1036,'ریز نقدینگی ارزی'!$G$4:$G$1036,">0",'ریز نقدینگی ارزی'!$C$4:$C$1036,B25,'ریز نقدینگی ارزی'!$E$4:$E$1036,$I$18,'ریز نقدینگی ارزی'!$B$4:$B$1036,C25) -> 0 | J25: =SUMIFS('ریز نقدینگی ارزی'!$F$4:$F$1036,'ریز نقدینگی ارزی'!$F$4:$F$1036,">0",'ریز نقدینگی ارزی'!$C$4:$C$1036,B25,'ریز نقدینگی ارزی'!$E$4:$E$1036,$J$18,'ریز نقدینگی ارزی'!$B$4:$B$1036,C25)-SUMIFS('ریز نقدینگی ارزی'!$G$4:$G$1036,'ریز نقدینگی ارزی'!$G$4:$G$1036,">0",'ریز نقدینگی ارزی'!$C$4:$C$1036,B25,'ریز نقدینگی ارزی'!$E$4:$E$1036,$J$18,'ریز نقدینگی ارزی'!$B$4:$B$1036,C25) -> 0 | K25: =SUM(Table2[[#This Row],[تولید]:[مدیریت]]) -> 0
B26: Project 2 | C26: AED | D26: =SUMIFS('ریز نقدینگی ارزی'!$F$4:$F$1036,'ریز نقدینگی ارزی'!$F$4:$F$1036,">0",'ریز نقدینگی ارزی'!$C$4:$C$1036,B26,'ریز نقدینگی ارزی'!$E$4:$E$1036,$D$18,'ریز نقدینگی ارزی'!$B$4:$B$1036,C26)-SUMIFS('ریز نقدینگی ارزی'!$G$4:$G$1036,'ریز نقدینگی ارزی'!$G$4:$G$1036,">0",'ریز نقدینگی ارزی'!$C$4:$C$1036,B26,'ریز نقدینگی ارزی'!$E$4:$E$1036,$D$18,'ریز نقدینگی ارزی'!$B$4:$B$1036,C26) -> 7.1034483 | E26: =SUMIFS('ریز نقدینگی ارزی'!$F$4:$F$1036,'ریز نقدینگی ارزی'!$F$4:$F$1036,">0",'ریز نقدینگی ارزی'!$C$4:$C$1036,B26,'ریز نقدینگی ارزی'!$E$4:$E$1036,$E$18,'ریز نقدینگی ارزی'!$B$4:$B$1036,C26)-SUMIFS('ریز نقدینگی ارزی'!$G$4:$G$1036,'ریز نقدینگی ارزی'!$G$4:$G$1036,">0",'ریز نقدینگی ارزی'!$C$4:$C$1036,B26,'ریز نقدینگی ارزی'!$E$4:$E$1036,$E$18,'ریز نقدینگی ارزی'!$B$4:$B$1036,C26) -> 12.1 | F26: =SUMIFS('ریز نقدینگی ارزی'!$F$4:$F$1036,'ریز نقدینگی ارزی'!$F$4:$F$1036,">0",'ریز نقدینگی ارزی'!$C$4:$C$1036,B26,'ریز نقدینگی ارزی'!$E$4:$E$1036,$F$18,'ریز نقدینگی ارزی'!$B$4:$B$1036,C26)-SUMIFS('ریز نقدینگی ارزی'!$G$4:$G$1036,'ریز نقدینگی ارزی'!$G$4:$G$1036,">0",'ریز نقدینگی ارزی'!$C$4:$C$1036,B26,'ریز نقدینگی ارزی'!$E$4:$E$1036,$F$18,'ریز نقدینگی ارزی'!$B$4:$B$1036,C26) -> 0 | G26: =SUMIFS('ریز نقدینگی ارزی'!$F$4:$F$1036,'ریز نقدینگی ارزی'!$F$4:$F$1036,">0",'ریز نقدینگی ارزی'!$C$4:$C$1036,B26,'ریز نقدینگی ارزی'!$E$4:$E$1036,$G$18,'ریز نقدینگی ارزی'!$B$4:$B$1036,C26)-SUMIFS('ریز نقدینگی ارزی'!$G$4:$G$1036,'ریز نقدینگی ارزی'!$G$4:$G$1036,">0",'ریز نقدینگی ارزی'!$C$4:$C$1036,B26,'ریز نقدینگی ارزی'!$E$4:$E$1036,$G$18,'ریز نقدینگی ارزی'!$B$4:$B$1036,C26) -> 0 | H26: =SUMIFS('ریز نقدینگی ارزی'!$F$4:$F$1036,'ریز نقدینگی ارزی'!$F$4:$F$1036,">0",'ریز نقدینگی ارزی'!$C$4:$C$1036,B26,'ریز نقدینگی ارزی'!$E$4:$E$1036,$H$18,'ریز نقدینگی ارزی'!$B$4:$B$1036,C26)-SUMIFS('ریز نقدینگی ارزی'!$G$4:$G$1036,'ریز نقدینگی ارزی'!$G$4:$G$1036,">0",'ریز نقدینگی ارزی'!$C$4:$C$1036,B26,'ریز نقدینگی ارزی'!$E$4:$E$1036,$H$18,'ریز نقدینگی ارزی'!$B$4:$B$1036,C26) -> 0 | I26: =SUMIFS('ریز نقدینگی ارزی'!$F$4:$F$1036,'ریز نقدینگی ارزی'!$F$4:$F$1036,">0",'ریز نقدینگی ارزی'!$C$4:$C$1036,B26,'ریز نقدینگی ارزی'!$E$4:$E$1036,$I$18,'ریز نقدینگی ارزی'!$B$4:$B$1036,C26)-SUMIFS('ریز نقدینگی ارزی'!$G$4:$G$1036,'ریز نقدینگی ارزی'!$G$4:$G$1036,">0",'ریز نقدینگی ارزی'!$C$4:$C$1036,B26,'ریز نقدینگی ارزی'!$E$4:$E$1036,$I$18,'ریز نقدینگی ارزی'!$B$4:$B$1036,C26) -> 0 | J26: =SUMIFS('ریز نقدینگی ارزی'!$F$4:$F$1036,'ریز نقدینگی ارزی'!$F$4:$F$1036,">0",'ریز نقدینگی ارزی'!$C$4:$C$1036,B26,'ریز نقدینگی ارزی'!$E$4:$E$1036,$J$18,'ریز نقدینگی ارزی'!$B$4:$B$1036,C26)-SUMIFS('ریز نقدینگی ارزی'!$G$4:$G$1036,'ریز نقدینگی ارزی'!$G$4:$G$1036,">0",'ریز نقدینگی ارزی'!$C$4:$C$1036,B26,'ریز نقدینگی ارزی'!$E$4:$E$1036,$J$18,'ریز نقدینگی ارزی'!$B$4:$B$1036,C26) -> 0 | K26: =SUM(Table2[[#This Row],[تولید]:[مدیریت]]) -> 19.203448
B27: کارمزد بانکی | C27: $ | K27: ='ریز نقدینگی ارزی'!M66+'ریز نقدینگی ارزی'!M70 -> 0
B28: کارمزد بانکی | C28: ¥ | K28: ='ریز نقدینگی ارزی'!M67+'ریز نقدینگی ارزی'!M71 -> 0
B29: کارمزد بانکی | C29: € | K29: ='ریز نقدینگی ارزی'!M64+'ریز نقدینگی ارزی'!M68 -> 0
B30: کارمزد بانکی | C30: AED | K30: ='ریز نقدینگی ارزی'!M65+'ریز نقدینگی ارزی'!M69 -> 257
F32: عملیاتی | G32: مجموع عملیاتی $ | I32: =K19+K23 -> 835.2
G33: مجموع عملیاتی ¥ | I33: =K20+K24 -> 321.9
G34: مجموع عملیاتی € | I34: =K21+K25 -> 1012.27
G35: مجموع عملیاتی AED | I35: =K22+K26 -> 952.20345
F37: ستاد | G37: ستاد $ | I37: ='ریز نقدینگی ارزی'!M62-K27 -> 124.8
G38: ستاد ¥ | I38: ='ریز نقدینگی ارزی'!M63-K28 -> 48.1
G39: ستاد € | I39: ='ریز نقدینگی ارزی'!M60-K29 -> 67.73
G40: ستاد AED | I40: ='ریز نقدینگی ارزی'!M61-K30 -> 69.796552
F42: واریزی نامشخص | G42: واریزی نامشخص $ | I42: 16
G43: واریزی نامشخص ¥ | I43: 17
G44: واریزی نامشخص € | I44: 56
G45: واریزی نامشخص AED | I45: 138 | J45: 181225.55
F47: موجودی نقد | G47: موجودی نقد $ | I47: =I32+I37+I42 -> 976
G48: موجودی نقد ¥ | I48: =I33+I38+I43 -> 387
G49: موجودی نقد € | I49: =I34+I39+I44 -> 1136
G50: موجودی نقد AED | I50: =I35+I40+I45 -> 1160

Sheet قرض ارزی
B2: تاریخ به‌روز رسانی: 1405/04/09
B4: قرض و عودت قرض بین پروژه‌ها:
B5: کد پروژه کارفرما | C5: واکا (SBU) | D5: واکای طرف قرض | E5: کد پروژه طرف قرض | F5: ارز | G5: قرض گرفته | H5: قرض داده | I5: قرض پس گرفته | J5: قرض پس داده | K5: بازپرداخت قرض داده شده | L5: بازپرداخت قرض گرفته شده | M5: مانده قرض | N5: وضعیت
B6: Project 1 | C6: تولید | D6: تامین | E6: Project 1 | F6: AED | G6: =SUMIFS('ریز گزارش ارزی'!$AC$8:$AC$63,'ریز گزارش ارزی'!$AC$8:$AC$63,">0",'ریز گزارش ارزی'!$AG$8:$AG$63,"قرض",'ریز گزارش ارزی'!$H$8:$H$63,F6,'ریز گزارش ارزی'!$F$8:$F$63,B6,'ریز گزارش ارزی'!$G$8:$G$63,C6,'ریز گزارش ارزی'!$AO$8:$AO$63,D6,'ریز گزارش ارزی'!$AP$8:$AP$63,E6) -> 80 | H6: =SUMIFS('ریز گزارش ارزی'!$AD$8:$AD$63,'ریز گزارش ارزی'!$AD$8:$AD$63,">0",'ریز گزارش ارزی'!$AG$8:$AG$63,"قرض",'ریز گزارش ارزی'!$H$8:$H$63,F6,'ریز گزارش ارزی'!$F$8:$F$63,B6,'ریز گزارش ارزی'!$G$8:$G$63,C6,'ریز گزارش ارزی'!$AO$8:$AO$63,D6,'ریز گزارش ارزی'!$AP$8:$AP$63,E6) -> 0 | I6: =SUMIFS('ریز گزارش ارزی'!$AC$8:$AC$63,'ریز گزارش ارزی'!$AC$8:$AC$63,">0",'ریز گزارش ارزی'!$AG$8:$AG$63,"عودت قرض",'ریز گزارش ارزی'!$H$8:$H$63,F6,'ریز گزارش ارزی'!$F$8:$F$63,B6,'ریز گزارش ارزی'!$G$8:$G$63,C6,'ریز گزارش ارزی'!$AO$8:$AO$63,D6,'ریز گزارش ارزی'!$AP$8:$AP$63,E6) -> 0 | J6: =SUMIFS('ریز گزارش ارزی'!$AD$8:$AD$63,'ریز گزارش ارزی'!$AD$8:$AD$63,">0",'ریز گزارش ارزی'!$AG$8:$AG$63,"عودت قرض",'ریز گزارش ارزی'!$H$8:$H$63,F6,'ریز گزارش ارزی'!$F$8:$F$63,B6,'ریز گزارش ارزی'!$G$8:$G$63,C6,'ریز گزارش ارزی'!$AO$8:$AO$63,D6,'ریز گزارش ارزی'!$AP$8:$AP$63,E6) -> 0 | K6: =H6-I6 -> 0 | L6: =G6-J6 -> 80 | M6: =K6-L6 -> -80 | N6: =IF(M6=0,"بی‌حساب",IF(M6>0,"طلبکار","بدهکار")) -> بدهکار
B7: Project 1 | C7: تولید | D7: نصب | E7: Project 1 | F7: AED | G7: =SUMIFS('ریز گزارش ارزی'!$AC$8:$AC$63,'ریز گزارش ارزی'!$AC$8:$AC$63,">0",'ریز گزارش ارزی'!$AG$8:$AG$63,"قرض",'ریز گزارش ارزی'!$H$8:$H$63,F7,'ریز گزارش ارزی'!$F$8:$F$63,B7,'ریز گزارش ارزی'!$G$8:$G$63,C7,'ریز گزارش ارزی'!$AO$8:$AO$63,D7,'ریز گزارش ارزی'!$AP$8:$AP$63,E7) -> 0 | H7: =SUMIFS('ریز گزارش ارزی'!$AD$8:$AD$63,'ریز گزارش ارزی'!$AD$8:$AD$63,">0",'ریز گزارش ارزی'!$AG$8:$AG$63,"قرض",'ریز گزارش ارزی'!$H$8:$H$63,F7,'ریز گزارش ارزی'!$F$8:$F$63,B7,'ریز گزارش ارزی'!$G$8:$G$63,C7,'ریز گزارش ارزی'!$AO$8:$AO$63,D7,'ریز گزارش ارزی'!$AP$8:$AP$63,E7) -> 0 | I7: =SUMIFS('ریز گزارش ارزی'!$AC$8:$AC$63,'ریز گزارش ارزی'!$AC$8:$AC$63,">0",'ریز گزارش ارزی'!$AG$8:$AG$63,"عودت قرض",'ریز گزارش ارزی'!$H$8:$H$63,F7,'ریز گزارش ارزی'!$F$8:$F$63,B7,'ریز گزارش ارزی'!$G$8:$G$63,C7,'ریز گزارش ارزی'!$AO$8:$AO$63,D7,'ریز گزارش ارزی'!$AP$8:$AP$63,E7) -> 0 | J7: =SUMIFS('ریز گزارش ارزی'!$AD$8:$AD$63,'ریز گزارش ارزی'!$AD$8:$AD$63,">0",'ریز گزارش ارزی'!$AG$8:$AG$63,"عودت قرض",'ریز گزارش ارزی'!$H$8:$H$63,F7,'ریز گزارش ارزی'!$F$8:$F$63,B7,'ریز گزارش ارزی'!$G$8:$G$63,C7,'ریز گزارش ارزی'!$AO$8:$AO$63,D7,'ریز گزارش ارزی'!$AP$8:$AP$63,E7) -> 0 | K7: =H7-I7 -> 0 | L7: =G7-J7 -> 0 | M7: =K7-L7 -> 0 | N7: =IF(M7=0,"بی‌حساب",IF(M7>0,"طلبکار","بدهکار")) -> بی‌حساب
B8: Project 1 | C8: تولید | D8: راه اندازی | E8: Project 1 | F8: AED | G8: =SUMIFS('ریز گزارش ارزی'!$AC$8:$AC$63,'ریز گزارش ارزی'!$AC$8:$AC$63,">0",'ریز گزارش ارزی'!$AG$8:$AG$63,"قرض",'ریز گزارش ارزی'!$H$8:$H$63,F8,'ریز گزارش ارزی'!$F$8:$F$63,B8,'ریز گزارش ارزی'!$G$8:$G$63,C8,'ریز گزارش ارزی'!$AO$8:$AO$63,D8,'ریز گزارش ارزی'!$AP$8:$AP$63,E8) -> 0 | H8: =SUMIFS('ریز گزارش ارزی'!$AD$8:$AD$63,'ریز گزارش ارزی'!$AD$8:$AD$63,">0",'ریز گزارش ارزی'!$AG$8:$AG$63,"قرض",'ریز گزارش ارزی'!$H$8:$H$63,F8,'ریز گزارش ارزی'!$F$8:$F$63,B8,'ریز گزارش ارزی'!$G$8:$G$63,C8,'ریز گزارش ارزی'!$AO$8:$AO$63,D8,'ریز گزارش ارزی'!$AP$8:$AP$63,E8) -> 0 | I8: =SUMIFS('ریز گزارش ارزی'!$AC$8:$AC$63,'ریز گزارش ارزی'!$AC$8:$AC$63,">0",'ریز گزارش ارزی'!$AG$8:$AG$63,"عودت قرض",'ریز گزارش ارزی'!$H$8:$H$63,F8,'ریز گزارش ارزی'!$F$8:$F$63,B8,'ریز گزارش ارزی'!$G$8:$G$63,C8,'ریز گزارش ارزی'!$AO$8:$AO$63,D8,'ریز گزارش ارزی'!$AP$8:$AP$63,E8) -> 0 | J8: =SUMIFS('ریز گزارش ارزی'!$AD$8:$AD$63,'ریز گزارش ارزی'!$AD$8:$AD$63,">0",'ریز گزارش ارزی'!$AG$8:$AG$63,"عودت قرض",'ریز گزارش ارزی'!$H$8:$H$63,F8,'ریز گزارش ارزی'!$F$8:$F$63,B8,'ریز گزارش ارزی'!$G$8:$G$63,C8,'ریز گزارش ارزی'!$AO$8:$AO$63,D8,'ریز گزارش ارزی'!$AP$8:$AP$63,E8) -> 0 | K8: =H8-I8 -> 0 | L8: =G8-J8 -> 0 | M8: =K8-L8 -> 0 | N8: =IF(M8=0,"بی‌حساب",IF(M8>0,"طلبکار","بدهکار")) -> بی‌حساب
B9: Project 1 | C9: تولید | D9: مکانیکال | E9: Project 1 | F9: AED | G9: =SUMIFS('ریز گزارش ارزی'!$AC$8:$AC$63,'ریز گزارش ارزی'!$AC$8:$AC$63,">0",'ریز گزارش ارزی'!$AG$8:$AG$63,"قرض",'ریز گزارش ارزی'!$H$8:$H$63,F9,'ریز گزارش ارزی'!$F$8:$F$63,B9,'ریز گزارش ارزی'!$G$8:$G$63,C9,'ریز گزارش ارزی'!$AO$8:$AO$63,D9,'ریز گزارش ارزی'!$AP$8:$AP$63,E9) -> 0 | H9: =SUMIFS('ریز گزارش ارزی'!$AD$8:$AD$63,'ریز گزارش ارزی'!$AD$8:$AD$63,">0",'ریز گزارش ارزی'!$AG$8:$AG$63,"قرض",'ریز گزارش ارزی'!$H$8:$H$63,F9,'ریز گزارش ارزی'!$F$8:$F$63,B9,'ریز گزارش ارزی'!$G$8:$G$63,C9,'ریز گزارش ارزی'!$AO$8:$AO$63,D9,'ریز گزارش ارزی'!$AP$8:$AP$63,E9) -> 14 | I9: =SUMIFS('ریز گزارش ارزی'!$AC$8:$AC$63,'ریز گزارش ارزی'!$AC$8:$AC$63,">0",'ریز گزارش ارزی'!$AG$8:$AG$63,"عودت قرض",'ریز گزارش ارزی'!$H$8:$H$63,F9,'ریز گزارش ارزی'!$F$8:$F$63,B9,'ریز گزارش ارزی'!$G$8:$G$63,C9,'ریز گزارش ارزی'!$AO$8:$AO$63,D9,'ریز گزارش ارزی'!$AP$8:$AP$63,E9) -> 0 | J9: =SUMIFS('ریز گزارش ارزی'!$AD$8:$AD$63,'ریز گزارش ارزی'!$AD$8:$AD$63,">0",'ریز گزارش ارزی'!$AG$8:$AG$63,"عودت قرض",'ریز گزارش ارزی'!$H$8:$H$63,F9,'ریز گزارش ارزی'!$F$8:$F$63,B9,'ریز گزارش ارزی'!$G$8:$G$63,C9,'ریز گزارش ارزی'!$AO$8:$AO$63,D9,'ریز گزارش ارزی'!$AP$8:$AP$63,E9) -> 0 | K9: =H9-I9 -> 14 | L9: =G9-J9 -> 0 | M9: =K9-L9 -> 14 | N9: =IF(M9=0,"بی‌حساب",IF(M9>0,"طلبکار","بدهکار")) -> طلبکار
B10: Project 1 | C10: تولید | D10: مهندسی | E10: Project 1 | F10: AED | G10: =SUMIFS('ریز گزارش ارزی'!$AC$8:$AC$63,'ریز گزارش ارزی'!$AC$8:$AC$63,">0",'ریز گزارش ارزی'!$AG$8:$AG$63,"قرض",'ریز گزارش ارزی'!$H$8:$H$63,F10,'ریز گزارش ارزی'!$F$8:$F$63,B10,'ریز گزارش ارزی'!$G$8:$G$63,C10,'ریز گزارش ارزی'!$AO$8:$AO$63,D10,'ریز گزارش ارزی'!$AP$8:$AP$63,E10) -> 0 | H10: =SUMIFS('ریز گزارش ارزی'!$AD$8:$AD$63,'ریز گزارش ارزی'!$AD$8:$AD$63,">0",'ریز گزارش ارزی'!$AG$8:$AG$63,"قرض",'ریز گزارش ارزی'!$H$8:$H$63,F10,'ریز گزارش ارزی'!$F$8:$F$63,B10,'ریز گزارش ارزی'!$G$8:$G$63,C10,'ریز گزارش ارزی'!$AO$8:$AO$63,D10,'ریز گزارش ارزی'!$AP$8:$AP$63,E10) -> 0 | I10: =SUMIFS('ریز گزارش ارزی'!$AC$8:$AC$63,'ریز گزارش ارزی'!$AC$8:$AC$63,">0",'ریز گزارش ارزی'!$AG$8:$AG$63,"عودت قرض",'ریز گزارش ارزی'!$H$8:$H$63,F10,'ریز گزارش ارزی'!$F$8:$F$63,B10,'ریز گزارش ارزی'!$G$8:$G$63,C10,'ریز گزارش ارزی'!$AO$8:$AO$63,D10,'ریز گزارش ارزی'!$AP$8:$AP$63,E10) -> 0 | J10: =SUMIFS('ریز گزارش ارزی'!$AD$8:$AD$63,'ریز گزارش ارزی'!$AD$8:$AD$63,">0",'ریز گزارش ارزی'!$AG$8:$AG$63,"عودت قرض",'ریز گزارش ارزی'!$H$8:$H$63,F10,'ریز گزارش ارزی'!$F$8:$F$63,B10,'ریز گزارش ارزی'!$G$8:$G$63,C10,'ریز گزارش ارزی'!$AO$8:$AO$63,D10,'ریز گزارش ارزی'!$AP$8:$AP$63,E10) -> 0 | K10: =H10-I10 -> 0 | L10: =G10-J10 -> 0 | M10: =K10-L10 -> 0 | N10: =IF(M10=0,"بی‌حساب",IF(M10>0,"طلبکار","بدهکار")) -> بی‌حساب
B11: Project 1 | C11: تولید | D11: مدیریت | E11: Project 1 | F11: AED | G11: =SUMIFS('ریز گزارش ارزی'!$AC$8:$AC$63,'ریز گزارش ارزی'!$AC$8:$AC$63,">0",'ریز گزارش ارزی'!$AG$8:$AG$63,"قرض",'ریز گزارش ارزی'!$H$8:$H$63,F11,'ریز گزارش ارزی'!$F$8:$F$63,B11,'ریز گزارش ارزی'!$G$8:$G$63,C11,'ریز گزارش ارزی'!$AO$8:$AO$63,D11,'ریز گزارش ارزی'!$AP$8:$AP$63,E11) -> 0 | H11: =SUMIFS('ریز گزارش ارزی'!$AD$8:$AD$63,'ریز گزارش ارزی'!$AD$8:$AD$63,">0",'ریز گزارش ارزی'!$AG$8:$AG$63,"قرض",'ریز گزارش ارزی'!$H$8:$H$63,F11,'ریز گزارش ارزی'!$F$8:$F$63,B11,'ریز گزارش ارزی'!$G$8:$G$63,C11,'ریز گزارش ارزی'!$AO$8:$AO$63,D11,'ریز گزارش ارزی'!$AP$8:$AP$63,E11) -> 0 | I11: =SUMIFS('ریز گزارش ارزی'!$AC$8:$AC$63,'ریز گزارش ارزی'!$AC$8:$AC$63,">0",'ریز گزارش ارزی'!$AG$8:$AG$63,"عودت قرض",'ریز گزارش ارزی'!$H$8:$H$63,F11,'ریز گزارش ارزی'!$F$8:$F$63,B11,'ریز گزارش ارزی'!$G$8:$G$63,C11,'ریز گزارش ارزی'!$AO$8:$AO$63,D11,'ریز گزارش ارزی'!$AP$8:$AP$63,E11) -> 0 | J11: =SUMIFS('ریز گزارش ارزی'!$AD$8:$AD$63,'ریز گزارش ارزی'!$AD$8:$AD$63,">0",'ریز گزارش ارزی'!$AG$8:$AG$63,"عودت قرض",'ریز گزارش ارزی'!$H$8:$H$63,F11,'ریز گزارش ارزی'!$F$8:$F$63,B11,'ریز گزارش ارزی'!$G$8:$G$63,C11,'ریز گزارش ارزی'!$AO$8:$AO$63,D11,'ریز گزارش ارزی'!$AP$8:$AP$63,E11) -> 0 | K11: =H11-I11 -> 0 | L11: =G11-J11 -> 0 | M11: =K11-L11 -> 0 | N11: =IF(M11=0,"بی‌حساب",IF(M11>0,"طلبکار","بدهکار")) -> بی‌حساب
B12: Project 1 | C12: تامین | D12: تولید | E12: Project 1 | F12: AED | G12: =SUMIFS('ریز گزارش ارزی'!$AC$8:$AC$63,'ریز گزارش ارزی'!$AC$8:$AC$63,">0",'ریز گزارش ارزی'!$AG$8:$AG$63,"قرض",'ریز گزارش ارزی'!$H$8:$H$63,F12,'ریز گزارش ارزی'!$F$8:$F$63,B12,'ریز گزارش ارزی'!$G$8:$G$63,C12,'ریز گزارش ارزی'!$AO$8:$AO$63,D12,'ریز گزارش ارزی'!$AP$8:$AP$63,E12) -> 0 | H12: =SUMIFS('ریز گزارش ارزی'!$AD$8:$AD$63,'ریز گزارش ارزی'!$AD$8:$AD$63,">0",'ریز گزارش ارزی'!$AG$8:$AG$63,"قرض",'ریز گزارش ارزی'!$H$8:$H$63,F12,'ریز گزارش ارزی'!$F$8:$F$63,B12,'ریز گزارش ارزی'!$G$8:$G$63,C12,'ریز گزارش ارزی'!$AO$8:$AO$63,D12,'ریز گزارش ارزی'!$AP$8:$AP$63,E12) -> 80 | I12: =SUMIFS('ریز گزارش ارزی'!$AC$8:$AC$63,'ریز گزارش ارزی'!$AC$8:$AC$63,">0",'ریز گزارش ارزی'!$AG$8:$AG$63,"عودت قرض",'ریز گزارش ارزی'!$H$8:$H$63,F12,'ریز گزارش ارزی'!$F$8:$F$63,B12,'ریز گزارش ارزی'!$G$8:$G$63,C12,'ریز گزارش ارزی'!$AO$8:$AO$63,D12,'ریز گزارش ارزی'!$AP$8:$AP$63,E12) -> 0 | J12: =SUMIFS('ریز گزارش ارزی'!$AD$8:$AD$63,'ریز گزارش ارزی'!$AD$8:$AD$63,">0",'ریز گزارش ارزی'!$AG$8:$AG$63,"عودت قرض",'ریز گزارش ارزی'!$H$8:$H$63,F12,'ریز گزارش ارزی'!$F$8:$F$63,B12,'ریز گزارش ارزی'!$G$8:$G$63,C12,'ریز گزارش ارزی'!$AO$8:$AO$63,D12,'ریز گزارش ارزی'!$AP$8:$AP$63,E12) -> 0 | K12: =H12-I12 -> 80 | L12: =G12-J12 -> 0 | M12: =K12-L12 -> 80 | N12: =IF(M12=0,"بی‌حساب",IF(M12>0,"طلبکار","بدهکار")) -> طلبکار
B13: Project 1 | C13: تامین | D13: نصب | E13: Project 1 | F13: AED | G13: =SUMIFS('ریز گزارش ارزی'!$AC$8:$AC$63,'ریز گزارش ارزی'!$AC$8:$AC$63,">0",'ریز گزارش ارزی'!$AG$8:$AG$63,"قرض",'ریز گزارش ارزی'!$H$8:$H$63,F13,'ریز گزارش ارزی'!$F$8:$F$63,B13,'ریز گزارش ارزی'!$G$8:$G$63,C13,'ریز گزارش ارزی'!$AO$8:$AO$63,D13,'ریز گزارش ارزی'!$AP$8:$AP$63,E13) -> 0 | H13: =SUMIFS('ریز گزارش ارزی'!$AD$8:$AD$63,'ریز گزارش ارزی'!$AD$8:$AD$63,">0",'ریز گزارش ارزی'!$AG$8:$AG$63,"قرض",'ریز گزارش ارزی'!$H$8:$H$63,F13,'ریز گزارش ارزی'!$F$8:$F$63,B13,'ریز گزارش ارزی'!$G$8:$G$63,C13,'ریز گزارش ارزی'!$AO$8:$AO$63,D13,'ریز گزارش ارزی'!$AP$8:$AP$63,E13) -> 0 | I13: =SUMIFS('ریز گزارش ارزی'!$AC$8:$AC$63,'ریز گزارش ارزی'!$AC$8:$AC$63,">0",'ریز گزارش ارزی'!$AG$8:$AG$63,"عودت قرض",'ریز گزارش ارزی'!$H$8:$H$63,F13,'ریز گزارش ارزی'!$F$8:$F$63,B13,'ریز گزارش ارزی'!$G$8:$G$63,C13,'ریز گزارش ارزی'!$AO$8:$AO$63,D13,'ریز گزارش ارزی'!$AP$8:$AP$63,E13) -> 0 | J13: =SUMIFS('ریز گزارش ارزی'!$AD$8:$AD$63,'ریز گزارش ارزی'!$AD$8:$AD$63,">0",'ریز گزارش ارزی'!$AG$8:$AG$63,"عودت قرض",'ریز گزارش ارزی'!$H$8:$H$63,F13,'ریز گزارش ارزی'!$F$8:$F$63,B13,'ریز گزارش ارزی'!$G$8:$G$63,C13,'ریز گزارش ارزی'!$AO$8:$AO$63,D13,'ریز گزارش ارزی'!$AP$8:$AP$63,E13) -> 0 | K13: =H13-I13 -> 0 | L13: =G13-J13 -> 0 | M13: =K13-L13 -> 0 | N13: =IF(M13=0,"بی‌حساب",IF(M13>0,"طلبکار","بدهکار")) -> بی‌حساب
B14: Project 1 | C14: تامین | D14: راه اندازی | E14: Project 1 | F14: AED | G14: =SUMIFS('ریز گزارش ارزی'!$AC$8:$AC$63,'ریز گزارش ارزی'!$AC$8:$AC$63,">0",'ریز گزارش ارزی'!$AG$8:$AG$63,"قرض",'ریز گزارش ارزی'!$H$8:$H$63,F14,'ریز گزارش ارزی'!$F$8:$F$63,B14,'ریز گزارش ارزی'!$G$8:$G$63,C14,'ریز گزارش ارزی'!$AO$8:$AO$63,D14,'ریز گزارش ارزی'!$AP$8:$AP$63,E14) -> 0 | H14: =SUMIFS('ریز گزارش ارزی'!$AD$8:$AD$63,'ریز گزارش ارزی'!$AD$8:$AD$63,">0",'ریز گزارش ارزی'!$AG$8:$AG$63,"قرض",'ریز گزارش ارزی'!$H$8:$H$63,F14,'ریز گزارش ارزی'!$F$8:$F$63,B14,'ریز گزارش ارزی'!$G$8:$G$63,C14,'ریز گزارش ارزی'!$AO$8:$AO$63,D14,'ریز گزارش ارزی'!$AP$8:$AP$63,E14) -> 0 | I14: =SUMIFS('ریز گزارش ارزی'!$AC$8:$AC$63,'ریز گزارش ارزی'!$AC$8:$AC$63,">0",'ریز گزارش ارزی'!$AG$8:$AG$63,"عودت قرض",'ریز گزارش ارزی'!$H$8:$H$63,F14,'ریز گزارش ارزی'!$F$8:$F$63,B14,'ریز گزارش ارزی'!$G$8:$G$63,C14,'ریز گزارش ارزی'!$AO$8:$AO$63,D14,'ریز گزارش ارزی'!$AP$8:$AP$63,E14) -> 0 | J14: =SUMIFS('ریز گزارش ارزی'!$AD$8:$AD$63,'ریز گزارش ارزی'!$AD$8:$AD$63,">0",'ریز گزارش ارزی'!$AG$8:$AG$63,"عودت قرض",'ریز گزارش ارزی'!$H$8:$H$63,F14,'ریز گزارش ارزی'!$F$8:$F$63,B14,'ریز گزارش ارزی'!$G$8:$G$63,C14,'ریز گزارش ارزی'!$AO$8:$AO$63,D14,'ریز گزارش ارزی'!$AP$8:$AP$63,E14) -> 0 | K14: =H14-I14 -> 0 | L14: =G14-J14 -> 0 | M14: =K14-L14 -> 0 | N14: =IF(M14=0,"بی‌حساب",IF(M14>0,"طلبکار","بدهکار")) -> بی‌حساب
B15: Project 1 | C15: تامین | D15: مکانیکال | E15: Project 1 | F15: AED | G15: =SUMIFS('ریز گزارش ارزی'!$AC$8:$AC$63,'ریز گزارش ارزی'!$AC$8:$AC$63,">0",'ریز گزارش ارزی'!$AG$8:$AG$63,"قرض",'ریز گزارش ارزی'!$H$8:$H$63,F15,'ریز گزارش ارزی'!$F$8:$F$63,B15,'ریز گزارش ارزی'!$G$8:$G$63,C15,'ریز گزارش ارزی'!$AO$8:$AO$63,D15,'ریز گزارش ارزی'!$AP$8:$AP$63,E15) -> 105 | H15: =SUMIFS('ریز گزارش ارزی'!$AD$8:$AD$63,'ریز گزارش ارزی'!$AD$8:$AD$63,">0",'ریز گزارش ارزی'!$AG$8:$AG$63,"قرض",'ریز گزارش ارزی'!$H$8:$H$63,F15,'ریز گزارش ارزی'!$F$8:$F$63,B15,'ریز گزارش ارزی'!$G$8:$G$63,C15,'ریز گزارش ارزی'!$AO$8:$AO$63,D15,'ریز گزارش ارزی'!$AP$8:$AP$63,E15) -> 0 | I15: =SUMIFS('ریز گزارش ارزی'!$AC$8:$AC$63,'ریز گزارش ارزی'!$AC$8:$AC$63,">0",'ریز گزارش ارزی'!$AG$8:$AG$63,"عودت قرض",'ریز گزارش ارزی'!$H$8:$H$63,F15,'ریز گزارش ارزی'!$F$8:$F$63,B15,'ریز گزارش ارزی'!$G$8:$G$63,C15,'ریز گزارش ارزی'!$AO$8:$AO$63,D15,'ریز گزارش ارزی'!$AP$8:$AP$63,E15) -> 0 | J15: =SUMIFS('ریز گزارش ارزی'!$AD$8:$AD$63,'ریز گزارش ارزی'!$AD$8:$AD$63,">0",'ریز گزارش ارزی'!$AG$8:$AG$63,"عودت قرض",'ریز گزارش ارزی'!$H$8:$H$63,F15,'ریز گزارش ارزی'!$F$8:$F$63,B15,'ریز گزارش ارزی'!$G$8:$G$63,C15,'ریز گزارش ارزی'!$AO$8:$AO$63,D15,'ریز گزارش ارزی'!$AP$8:$AP$63,E15) -> 68 | K15: =H15-I15 -> 0 | L15: =G15-J15 -> 37 | M15: =K15-L15 -> -37 | N15: =IF(M15=0,"بی‌حساب",IF(M15>0,"طلبکار","بدهکار")) -> بدهکار
B16: Project 1 | C16: تامین | D16: مهندسی | E16: Project 1 | F16: AED | G16: =SUMIFS('ریز گزارش ارزی'!$AC$8:$AC$63,'ریز گزارش ارزی'!$AC$8:$AC$63,">0",'ریز گزارش ارزی'!$AG$8:$AG$63,"قرض",'ریز گزارش ارزی'!$H$8:$H$63,F16,'ریز گزارش ارزی'!$F$8:$F$63,B16,'ریز گزارش ارزی'!$G$8:$G$63,C16,'ریز گزارش ارزی'!$AO$8:$AO$63,D16,'ریز گزارش ارزی'!$AP$8:$AP$63,E16) -> 14 | H16: =SUMIFS('ریز گزارش ارزی'!$AD$8:$AD$63,'ریز گزارش ارزی'!$AD$8:$AD$63,">0",'ریز گزارش ارزی'!$AG$8:$AG$63,"قرض",'ریز گزارش ارزی'!$H$8:$H$63,F16,'ریز گزارش ارزی'!$F$8:$F$63,B16,'ریز گزارش ارزی'!$G$8:$G$63,C16,'ریز گزارش ارزی'!$AO$8:$AO$63,D16,'ریز گزارش ارزی'!$AP$8:$AP$63,E16) -> 0 | I16: =SUMIFS('ریز گزارش ارزی'!$AC$8:$AC$63,'ریز گزارش ارزی'!$AC$8:$AC$63,">0",'ریز گزارش ارزی'!$AG$8:$AG$63,"عودت قرض",'ریز گزارش ارزی'!$H$8:$H$63,F16,'ریز گزارش ارزی'!$F$8:$F$63,B16,'ریز گزارش ارزی'!$G$8:$G$63,C16,'ریز گزارش ارزی'!$AO$8:$AO$63,D16,'ریز گزارش ارزی'!$AP$8:$AP$63,E16) -> 0 | J16: =SUMIFS('ریز گزارش ارزی'!$AD$8:$AD$63,'ریز گزارش ارزی'!$AD$8:$AD$63,">0",'ریز گزارش ارزی'!$AG$8:$AG$63,"عودت قرض",'ریز گزارش ارزی'!$H$8:$H$63,F16,'ریز گزارش ارزی'!$F$8:$F$63,B16,'ریز گزارش ارزی'!$G$8:$G$63,C16,'ریز گزارش ارزی'!$AO$8:$AO$63,D16,'ریز گزارش ارزی'!$AP$8:$AP$63,E16) -> 0 | K16: =H16-I16 -> 0 | L16: =G16-J16 -> 14 | M16: =K16-L16 -> -14 | N16: =IF(M16=0,"بی‌حساب",IF(M16>0,"طلبکار","بدهکار")) -> بدهکار
B17: Project 1 | C17: تامین | D17: مدیریت | E17: Project 1 | F17: AED | G17: =SUMIFS('ریز گزارش ارزی'!$AC$8:$AC$63,'ریز گزارش ارزی'!$AC$8:$AC$63,">0",'ریز گزارش ارزی'!$AG$8:$AG$63,"قرض",'ریز گزارش ارزی'!$H$8:$H$63,F17,'ریز گزارش ارزی'!$F$8:$F$63,B17,'ریز گزارش ارزی'!$G$8:$G$63,C17,'ریز گزارش ارزی'!$AO$8:$AO$63,D17,'ریز گزارش ارزی'!$AP$8:$AP$63,E17) -> 0 | H17: =SUMIFS('ریز گزارش ارزی'!$AD$8:$AD$63,'ریز گزارش ارزی'!$AD$8:$AD$63,">0",'ریز گزارش ارزی'!$AG$8:$AG$63,"قرض",'ریز گزارش ارزی'!$H$8:$H$63,F17,'ریز گزارش ارزی'!$F$8:$F$63,B17,'ریز گزارش ارزی'!$G$8:$G$63,C17,'ریز گزارش ارزی'!$AO$8:$AO$63,D17,'ریز گزارش ارزی'!$AP$8:$AP$63,E17) -> 0 | I17: =SUMIFS('ریز گزارش ارزی'!$AC$8:$AC$63,'ریز گزارش ارزی'!$AC$8:$AC$63,">0",'ریز گزارش ارزی'!$AG$8:$AG$63,"عودت قرض",'ریز گزارش ارزی'!$H$8:$H$63,F17,'ریز گزارش ارزی'!$F$8:$F$63,B17,'ریز گزارش ارزی'!$G$8:$G$63,C17,'ریز گزارش ارزی'!$AO$8:$AO$63,D17,'ریز گزارش ارزی'!$AP$8:$AP$63,E17) -> 0 | J17: =SUMIFS('ریز گزارش ارزی'!$AD$8:$AD$63,'ریز گزارش ارزی'!$AD$8:$AD$63,">0",'ریز گزارش ارزی'!$AG$8:$AG$63,"عودت قرض",'ریز گزارش ارزی'!$H$8:$H$63,F17,'ریز گزارش ارزی'!$F$8:$F$63,B17,'ریز گزارش ارزی'!$G$8:$G$63,C17,'ریز گزارش ارزی'!$AO$8:$AO$63,D17,'ریز گزارش ارزی'!$AP$8:$AP$63,E17) -> 0 | K17: =H17-I17 -> 0 | L17: =G17-J17 -> 0 | M17: =K17-L17 -> 0 | N17: =IF(M17=0,"بی‌حساب",IF(M17>0,"طلبکار","بدهکار")) -> بی‌حساب
... B187: Project 2 | C187: مدیریت | D187: مدیریت | E187: Project 1 | F187: AED | G187: =SUMIFS('ریز گزارش ارزی'!$AC$8:$AC$63,'ریز گزارش ارزی'!$AC$8:$AC$63,">0",'ریز گزارش ارزی'!$AG$8:$AG$63,"قرض",'ریز گزارش ارزی'!$H$8:$H$63,F187,'ریز گزارش ارزی'!$F$8:$F$63,B187,'ریز گزارش ارزی'!$G$8:$G$63,C187,'ریز گزارش ارزی'!$AO$8:$AO$63,D187,'ریز گزارش ارزی'!$AP$8:$AP$63,E187) -> 0 | H187: =SUMIFS('ریز گزارش ارزی'!$AD$8:$AD$63,'ریز گزارش ارزی'!$AD$8:$AD$63,">0",'ریز گزارش ارزی'!$AG$8:$AG$63,"قرض",'ریز گزارش ارزی'!$H$8:$H$63,F187,'ریز گزارش ارزی'!$F$8:$F$63,B187,'ریز گزارش ارزی'!$G$8:$G$63,C187,'ریز گزارش ارزی'!$AO$8:$AO$63,D187,'ریز گزارش ارزی'!$AP$8:$AP$63,E187) -> 0 | I187: =SUMIFS('ریز گزارش ارزی'!$AC$8:$AC$63,'ریز گزارش ارزی'!$AC$8:$AC$63,">0",'ریز گزارش ارزی'!$AG$8:$AG$63,"عودت قرض",'ریز گزارش ارزی'!$H$8:$H$63,F187,'ریز گزارش ارزی'!$F$8:$F$63,B187,'ریز گزارش ارزی'!$G$8:$G$63,C187,'ریز گزارش ارزی'!$AO$8:$AO$63,D187,'ریز گزارش ارزی'!$AP$8:$AP$63,E187) -> 0 | J187: =SUMIFS('ریز گزارش ارزی'!$AD$8:$AD$63,'ریز گزارش ارزی'!$AD$8:$AD$63,">0",'ریز گزارش ارزی'!$AG$8:$AG$63,"عودت قرض",'ریز گزارش ارزی'!$H$8:$H$63,F187,'ریز گزارش ارزی'!$F$8:$F$63,B187,'ریز گزارش ارزی'!$G$8:$G$63,C187,'ریز گزارش ارزی'!$AO$8:$AO$63,D187,'ریز گزارش ارزی'!$AP$8:$AP$63,E187) -> 0 | K187: =H187-I187 -> 0 | L187: =G187-J187 -> 0 | M187: =K187-L187 -> 0 | N187: =IF(M187=0,"بی‌حساب",IF(M187>0,"طلبکار","بدهکار")) -> بی‌حساب
F188: جمع | G188: =SUM(G6:G187) -> 406 | H188: =SUM(H6:H187) -> 406 | I188: =SUM(I6:I187) -> 68 | J188: =SUM(J6:J187) -> 68 | K188: =SUM(K6:K187) -> 338 | L188: =SUM(L6:L187) -> 338 | M188: =SUM(M6:M187) -> 0

Sheet ریز نقدینگی ارزی
B3: ارز | C3: کد پروژه کارفرما | D3: شرح | E3: واکا (SBU) | F3: بدهکار | G3: بستانکار | I3: ارز | J3: کد پروژه کارفرما | K3: شرح | L3: واکا (SBU) | M3: بدهکار | N3: بستانکار
B4: € | C4: Project 1 | D4: پروژه/پرداخت | E4: تولید | F4: =SUMIFS('ریز گزارش ارزی'!$AC$8:$AC$9818,'ریز گزارش ارزی'!$AC$8:$AC$9818,">0",'ریز گزارش ارزی'!$AF$8:$AF$9818,"1",'ریز گزارش ارزی'!$H$8:$H$9818,B4,'ریز گزارش ارزی'!$F$8:$F$9818,C4,'ریز گزارش ارزی'!$G$8:$G$9818,E4) -> 13 | G4: =SUMIFS('ریز گزارش ارزی'!$AD$8:$AD$9818,'ریز گزارش ارزی'!$AD$8:$AD$9818,">0",'ریز گزارش ارزی'!$AF$8:$AF$9818,"2",'ریز گزارش ارزی'!$H$8:$H$9818,B4,'ریز گزارش ارزی'!$F$8:$F$9818,C4,'ریز گزارش ارزی'!$G$8:$G$9818,E4) -> 13 | I4: € | J4: Project 1 | K4: دریافتی از کارفرما | L4: تولید | M4: =SUMIFS('ریز گزارش ارزی'!$L$8:$L$9818,'ریز گزارش ارزی'!$L$8:$L$9818,">0",'ریز گزارش ارزی'!$H$8:$H$9818,I4,'ریز گزارش ارزی'!$F$8:$F$9818,J4,'ریز گزارش ارزی'!$G$8:$G$9818,L4) -> 0
B5: € | C5: Project 1 | D5: پروژه/پرداخت | E5: تامین | F5: =SUMIFS('ریز گزارش ارزی'!$AC$8:$AC$9818,'ریز گزارش ارزی'!$AC$8:$AC$9818,">0",'ریز گزارش ارزی'!$AF$8:$AF$9818,"1",'ریز گزارش ارزی'!$H$8:$H$9818,B5,'ریز گزارش ارزی'!$F$8:$F$9818,C5,'ریز گزارش ارزی'!$G$8:$G$9818,E5) -> 453.27 | G5: =SUMIFS('ریز گزارش ارزی'!$AD$8:$AD$9818,'ریز گزارش ارزی'!$AD$8:$AD$9818,">0",'ریز گزارش ارزی'!$AF$8:$AF$9818,"2",'ریز گزارش ارزی'!$H$8:$H$9818,B5,'ریز گزارش ارزی'!$F$8:$F$9818,C5,'ریز گزارش ارزی'!$G$8:$G$9818,E5) -> 18 | I5: € | J5: Project 1 | K5: دریافتی از کارفرما | L5: تامین | M5: =SUMIFS('ریز گزارش ارزی'!$L$8:$L$9818,'ریز گزارش ارزی'!$L$8:$L$9818,">0",'ریز گزارش ارزی'!$H$8:$H$9818,I5,'ریز گزارش ارزی'!$F$8:$F$9818,J5,'ریز گزارش ارزی'!$G$8:$G$9818,L5) -> 521
B6: € | C6: Project 1 | D6: پروژه/پرداخت | E6: نصب | F6: =SUMIFS('ریز گزارش ارزی'!$AC$8:$AC$9818,'ریز گزارش ارزی'!$AC$8:$AC$9818,">0",'ریز گزارش ارزی'!$AF$8:$AF$9818,"1",'ریز گزارش ارزی'!$H$8:$H$9818,B6,'ریز گزارش ارزی'!$F$8:$F$9818,C6,'ریز گزارش ارزی'!$G$8:$G$9818,E6) -> 0 | G6: =SUMIFS('ریز گزارش ارزی'!$AD$8:$AD$9818,'ریز گزارش ارزی'!$AD$8:$AD$9818,">0",'ریز گزارش ارزی'!$AF$8:$AF$9818,"2",'ریز گزارش ارزی'!$H$8:$H$9818,B6,'ریز گزارش ارزی'!$F$8:$F$9818,C6,'ریز گزارش ارزی'!$G$8:$G$9818,E6) -> 0 | I6: € | J6: Project 1 | K6: دریافتی از کارفرما | L6: نصب | M6: =SUMIFS('ریز گزارش ارزی'!$L$8:$L$9818,'ریز گزارش ارزی'!$L$8:$L$9818,">0",'ریز گزارش ارزی'!$H$8:$H$9818,I6,'ریز گزارش ارزی'!$F$8:$F$9818,J6,'ریز گزارش ارزی'!$G$8:$G$9818,L6) -> 0
B7: € | C7: Project 1 | D7: پروژه/پرداخت | E7: راه اندازی | F7: =SUMIFS('ریز گزارش ارزی'!$AC$8:$AC$9818,'ریز گزارش ارزی'!$AC$8:$AC$9818,">0",'ریز گزارش ارزی'!$AF$8:$AF$9818,"1",'ریز گزارش ارزی'!$H$8:$H$9818,B7,'ریز گزارش ارزی'!$F$8:$F$9818,C7,'ریز گزارش ارزی'!$G$8:$G$9818,E7) -> 0 | G7: =SUMIFS('ریز گزارش ارزی'!$AD$8:$AD$9818,'ریز گزارش ارزی'!$AD$8:$AD$9818,">0",'ریز گزارش ارزی'!$AF$8:$AF$9818,"2",'ریز گزارش ارزی'!$H$8:$H$9818,B7,'ریز گزارش ارزی'!$F$8:$F$9818,C7,'ریز گزارش ارزی'!$G$8:$G$9818,E7) -> 0 | I7: € | J7: Project 1 | K7: دریافتی از کارفرما | L7: راه اندازی | M7: =SUMIFS('ریز گزارش ارزی'!$L$8:$L$9818,'ریز گزارش ارزی'!$L$8:$L$9818,">0",'ریز گزارش ارزی'!$H$8:$H$9818,I7,'ریز گزارش ارزی'!$F$8:$F$9818,J7,'ریز گزارش ارزی'!$G$8:$G$9818,L7) -> 0
B8: € | C8: Project 1 | D8: پروژه/پرداخت | E8: مکانیکال | F8: =SUMIFS('ریز گزارش ارزی'!$AC$8:$AC$9818,'ریز گزارش ارزی'!$AC$8:$AC$9818,">0",'ریز گزارش ارزی'!$AF$8:$AF$9818,"1",'ریز گزارش ارزی'!$H$8:$H$9818,B8,'ریز گزارش ارزی'!$F$8:$F$9818,C8,'ریز گزارش ارزی'!$G$8:$G$9818,E8) -> 0 | G8: =SUMIFS('ریز گزارش ارزی'!$AD$8:$AD$9818,'ریز گزارش ارزی'!$AD$8:$AD$9818,">0",'ریز گزارش ارزی'!$AF$8:$AF$9818,"2",'ریز گزارش ارزی'!$H$8:$H$9818,B8,'ریز گزارش ارزی'!$F$8:$F$9818,C8,'ریز گزارش ارزی'!$G$8:$G$9818,E8) -> 0 | I8: € | J8: Project 1 | K8: دریافتی از کارفرما | L8: مکانیکال | M8: =SUMIFS('ریز گزارش ارزی'!$L$8:$L$9818,'ریز گزارش ارزی'!$L$8:$L$9818,">0",'ریز گزارش ارزی'!$H$8:$H$9818,I8,'ریز گزارش ارزی'!$F$8:$F$9818,J8,'ریز گزارش ارزی'!$G$8:$G$9818,L8) -> 0
B9: € | C9: Project 1 | D9: پروژه/پرداخت | E9: مهندسی | F9: =SUMIFS('ریز گزارش ارزی'!$AC$8:$AC$9818,'ریز گزارش ارزی'!$AC$8:$AC$9818,">0",'ریز گزارش ارزی'!$AF$8:$AF$9818,"1",'ریز گزارش ارزی'!$H$8:$H$9818,B9,'ریز گزارش ارزی'!$F$8:$F$9818,C9,'ریز گزارش ارزی'!$G$8:$G$9818,E9) -> 600 | G9: =SUMIFS('ریز گزارش ارزی'!$AD$8:$AD$9818,'ریز گزارش ارزی'!$AD$8:$AD$9818,">0",'ریز گزارش ارزی'!$AF$8:$AF$9818,"2",'ریز گزارش ارزی'!$H$8:$H$9818,B9,'ریز گزارش ارزی'!$F$8:$F$9818,C9,'ریز گزارش ارزی'!$G$8:$G$9818,E9) -> 23 | I9: € | J9: Project 1 | K9: دریافتی از کارفرما | L9: مهندسی | M9: =SUMIFS('ریز گزارش ارزی'!$L$8:$L$9818,'ریز گزارش ارزی'!$L$8:$L$9818,">0",'ریز گزارش ارزی'!$H$8:$H$9818,I9,'ریز گزارش ارزی'!$F$8:$F$9818,J9,'ریز گزارش ارزی'!$G$8:$G$9818,L9) -> 600
B10: € | C10: Project 1 | D10: پروژه/پرداخت | E10: مدیریت | F10: =SUMIFS('ریز گزارش ارزی'!$AC$8:$AC$9818,'ریز گزارش ارزی'!$AC$8:$AC$9818,">0",'ریز گزارش ارزی'!$AF$8:$AF$9818,"1",'ریز گزارش ارزی'!$H$8:$H$9818,B10,'ریز گزارش ارزی'!$F$8:$F$9818,C10,'ریز گزارش ارزی'!$G$8:$G$9818,E10) -> 0 | G10: =SUMIFS('ریز گزارش ارزی'!$AD$8:$AD$9818,'ریز گزارش ارزی'!$AD$8:$AD$9818,">0",'ریز گزارش ارزی'!$AF$8:$AF$9818,"2",'ریز گزارش ارزی'!$H$8:$H$9818,B10,'ریز گزارش ارزی'!$F$8:$F$9818,C10,'ریز گزارش ارزی'!$G$8:$G$9818,E10) -> 0 | I10: € | J10: Project 1 | K10: دریافتی از کارفرما | L10: مدیریت | M10: =SUMIFS('ریز گزارش ارزی'!$L$8:$L$9818,'ریز گزارش ارزی'!$L$8:$L$9818,">0",'ریز گزارش ارزی'!$H$8:$H$9818,I10,'ریز گزارش ارزی'!$F$8:$F$9818,J10,'ریز گزارش ارزی'!$G$8:$G$9818,L10) -> 0
B11: AED | C11: Project 1 | D11: پروژه/پرداخت | E11: تولید | F11: =SUMIFS('ریز گزارش ارزی'!$AC$8:$AC$9818,'ریز گزارش ارزی'!$AC$8:$AC$9818,">0",'ریز گزارش ارزی'!$AF$8:$AF$9818,"1",'ریز گزارش ارزی'!$H$8:$H$9818,B11,'ریز گزارش ارزی'!$F$8:$F$9818,C11,'ریز گزارش ارزی'!$G$8:$G$9818,E11) -> 0 | G11: =SUMIFS('ریز گزارش ارزی'!$AD$8:$AD$9818,'ریز گزارش ارزی'!$AD$8:$AD$9818,">0",'ریز گزارش ارزی'!$AF$8:$AF$9818,"2",'ریز گزارش ارزی'!$H$8:$H$9818,B11,'ریز گزارش ارزی'!$F$8:$F$9818,C11,'ریز گزارش ارزی'!$G$8:$G$9818,E11) -> 72 | I11: AED | J11: Project 1 | K11: دریافتی از کارفرما | L11: تولید | M11: =SUMIFS('ریز گزارش ارزی'!$L$8:$L$9818,'ریز گزارش ارزی'!$L$8:$L$9818,">0",'ریز گزارش ارزی'!$H$8:$H$9818,I11,'ریز گزارش ارزی'!$F$8:$F$9818,J11,'ریز گزارش ارزی'!$G$8:$G$9818,L11) -> 0
B12: AED | C12: Project 1 | D12: پروژه/پرداخت | E12: تامین | F12: =SUMIFS('ریز گزارش ارزی'!$AC$8:$AC$9818,'ریز گزارش ارزی'!$AC$8:$AC$9818,">0",'ریز گزارش ارزی'!$AF$8:$AF$9818,"1",'ریز گزارش ارزی'!$H$8:$H$9818,B12,'ریز گزارش ارزی'!$F$8:$F$9818,C12,'ریز گزارش ارزی'!$G$8:$G$9818,E12) -> 765.6 | G12: =SUMIFS('ریز گزارش ارزی'!$AD$8:$AD$9818,'ریز گزارش ارزی'!$AD$8:$AD$9818,">0",'ریز گزارش ارزی'!$AF$8:$AF$9818,"2",'ریز گزارش ارزی'!$H$8:$H$9818,B12,'ریز گزارش ارزی'!$F$8:$F$9818,C12,'ریز گزارش ارزی'!$G$8:$G$9818,E12) -> 301 | I12: AED | J12: Project 1 | K12: دریافتی از کارفرما | L12: تامین | M12: =SUMIFS('ریز گزارش ارزی'!$L$8:$L$9818,'ریز گزارش ارزی'!$L$8:$L$9818,">0",'ریز گزارش ارزی'!$H$8:$H$9818,I12,'ریز گزارش ارزی'!$F$8:$F$9818,J12,'ریز گزارش ارزی'!$G$8:$G$9818,L12) -> 870
B13: AED | C13: Project 1 | D13: پروژه/پرداخت | E13: نصب | F13: =SUMIFS('ریز گزارش ارزی'!$AC$8:$AC$9818,'ریز گزارش ارزی'!$AC$8:$AC$9818,">0",'ریز گزارش ارزی'!$AF$8:$AF$9818,"1",'ریز گزارش ارزی'!$H$8:$H$9818,B13,'ریز گزارش ارزی'!$F$8:$F$9818,C13,'ریز گزارش ارزی'!$G$8:$G$9818,E13) -> 0 | G13: =SUMIFS('ریز گزارش ارزی'!$AD$8:$AD$9818,'ریز گزارش ارزی'!$AD$8:$AD$9818,">0",'ریز گزارش ارزی'!$AF$8:$AF$9818,"2",'ریز گزارش ارزی'!$H$8:$H$9818,B13,'ریز گزارش ارزی'!$F$8:$F$9818,C13,'ریز گزارش ارزی'!$G$8:$G$9818,E13) -> 0 | I13: AED | J13: Project 1 | K13: دریافتی از کارفرما | L13: نصب | M13: =SUMIFS('ریز گزارش ارزی'!$L$8:$L$9818,'ریز گزارش ارزی'!$L$8:$L$9818,">0",'ریز گزارش ارزی'!$H$8:$H$9818,I13,'ریز گزارش ارزی'!$F$8:$F$9818,J13,'ریز گزارش ارزی'!$G$8:$G$9818,L13) -> 0
B14: AED | C14: Project 1 | D14: پروژه/پرداخت | E14: راه اندازی | F14: =SUMIFS('ریز گزارش ارزی'!$AC$8:$AC$9818,'ریز گزارش ارزی'!$AC$8:$AC$9818,">0",'ریز گزارش ارزی'!$AF$8:$AF$9818,"1",'ریز گزارش ارزی'!$H$8:$H$9818,B14,'ریز گزارش ارزی'!$F$8:$F$9818,C14,'ریز گزارش ارزی'!$G$8:$G$9818,E14) -> 0 | G14: =SUMIFS('ریز گزارش ارزی'!$AD$8:$AD$9818,'ریز گزارش ارزی'!$AD$8:$AD$9818,">0",'ریز گزارش ارزی'!$AF$8:$AF$9818,"2",'ریز گزارش ارزی'!$H$8:$H$9818,B14,'ریز گزارش ارزی'!$F$8:$F$9818,C14,'ریز گزارش ارزی'!$G$8:$G$9818,E14) -> 0 | I14: AED | J14: Project 1 | K14: دریافتی از کارفرما | L14: راه اندازی | M14: =SUMIFS('ریز گزارش ارزی'!$L$8:$L$9818,'ریز گزارش ارزی'!$L$8:$L$9818,">0",'ریز گزارش ارزی'!$H$8:$H$9818,I14,'ریز گزارش ارزی'!$F$8:$F$9818,J14,'ریز گزارش ارزی'!$G$8:$G$9818,L14) -> 0
B15: AED | C15: Project 1 | D15: پروژه/پرداخت | E15: مکانیکال | F15: =SUMIFS('ریز گزارش ارزی'!$AC$8:$AC$9818,'ریز گزارش ارزی'!$AC$8:$AC$9818,">0",'ریز گزارش ارزی'!$AF$8:$AF$9818,"1",'ریز گزارش ارزی'!$H$8:$H$9818,B15,'ریز گزارش ارزی'!$F$8:$F$9818,C15,'ریز گزارش ارزی'!$G$8:$G$9818,E15) -> 272.2 | G15: =SUMIFS('ریز گزارش ارزی'!$AD$8:$AD$9818,'ریز گزارش ارزی'!$AD$8:$AD$9818,">0",'ریز گزارش ارزی'!$AF$8:$AF$9818,"2",'ریز گزارش ارزی'!$H$8:$H$9818,B15,'ریز گزارش ارزی'!$F$8:$F$9818,C15,'ریز گزارش ارزی'!$G$8:$G$9818,E15) -> 74 | I15: AED | J15: Project 1 | K15: دریافتی از کارفرما | L15: مکانیکال | M15: =SUMIFS('ریز گزارش ارزی'!$L$8:$L$9818,'ریز گزارش ارزی'!$L$8:$L$9818,">0",'ریز گزارش ارزی'!$H$8:$H$9818,I15,'ریز گزارش ارزی'!$F$8:$F$9818,J15,'ریز گزارش ارزی'!$G$8:$G$9818,L15) -> 290
... B31: ¥ | C31: Project 1 | D31: پروژه/پرداخت | E31: مدیریت | F31: =SUMIFS('ریز گزارش ارزی'!$AC$8:$AC$9818,'ریز گزارش ارزی'!$AC$8:$AC$9818,">0",'ریز گزارش ارزی'!$AF$8:$AF$9818,"1",'ریز گزارش ارزی'!$H$8:$H$9818,B31,'ریز گزارش ارزی'!$F$8:$F$9818,C31,'ریز گزارش ارزی'!$G$8:$G$9818,E31) -> 0 | G31: =SUMIFS('ریز گزارش ارزی'!$AD$8:$AD$9818,'ریز گزارش ارزی'!$AD$8:$AD$9818,">0",'ریز گزارش ارزی'!$AF$8:$AF$9818,"2",'ریز گزارش ارزی'!$H$8:$H$9818,B31,'ریز گزارش ارزی'!$F$8:$F$9818,C31,'ریز گزارش ارزی'!$G$8:$G$9818,E31) -> 0 | I31: ¥ | J31: Project 1 | K31: دریافتی از کارفرما | L31: مدیریت | M31: =SUMIFS('ریز گزارش ارزی'!$L$8:$L$9818,'ریز گزارش ارزی'!$L$8:$L$9818,">0",'ریز گزارش ارزی'!$H$8:$H$9818,I31,'ریز گزارش ارزی'!$F$8:$F$9818,J31,'ریز گزارش ارزی'!$G$8:$G$9818,L31) -> 0
B32: € | C32: Project 1 | D32: قرض | E32: تولید | F32: =SUMIFS('ریز گزارش ارزی'!$AC$8:$AC$9818,'ریز گزارش ارزی'!$AC$8:$AC$9818,">0",'ریز گزارش ارزی'!$AF$8:$AF$9818,"4",'ریز گزارش ارزی'!$H$8:$H$9818,B32,'ریز گزارش ارزی'!$F$8:$F$9818,C32,'ریز گزارش ارزی'!$G$8:$G$9818,E32) -> 0 | G32: =SUMIFS('ریز گزارش ارزی'!$AD$8:$AD$9818,'ریز گزارش ارزی'!$AD$8:$AD$9818,">0",'ریز گزارش ارزی'!$AF$8:$AF$9818,"4",'ریز گزارش ارزی'!$H$8:$H$9818,B32,'ریز گزارش ارزی'!$F$8:$F$9818,C32,'ریز گزارش ارزی'!$G$8:$G$9818,E32) -> 0 | I32: € | J32: Project 2 | K32: دریافتی از کارفرما | L32: تولید | M32: =SUMIFS('ریز گزارش ارزی'!$L$8:$L$9818,'ریز گزارش ارزی'!$L$8:$L$9818,">0",'ریز گزارش ارزی'!$H$8:$H$9818,I32,'ریز گزارش ارزی'!$F$8:$F$9818,J32,'ریز گزارش ارزی'!$G$8:$G$9818,L32) -> 0
B33: € | C33: Project 1 | D33: قرض | E33: تامین | F33: =SUMIFS('ریز گزارش ارزی'!$AC$8:$AC$9818,'ریز گزارش ارزی'!$AC$8:$AC$9818,">0",'ریز گزارش ارزی'!$AF$8:$AF$9818,"4",'ریز گزارش ارزی'!$H$8:$H$9818,B33,'ریز گزارش ارزی'!$F$8:$F$9818,C33,'ریز گزارش ارزی'!$G$8:$G$9818,E33) -> 0 | G33: =SUMIFS('ریز گزارش ارزی'!$AD$8:$AD$9818,'ریز گزارش ارزی'!$AD$8:$AD$9818,">0",'ریز گزارش ارزی'!$AF$8:$AF$9818,"4",'ریز گزارش ارزی'!$H$8:$H$9818,B33,'ریز گزارش ارزی'!$F$8:$F$9818,C33,'ریز گزارش ارزی'!$G$8:$G$9818,E33) -> 0 | I33: € | J33: Project 2 | K33: دریافتی از کارفرما | L33: تامین | M33: =SUMIFS('ریز گزارش ارزی'!$L$8:$L$9818,'ریز گزارش ارزی'!$L$8:$L$9818,">0",'ریز گزارش ارزی'!$H$8:$H$9818,I33,'ریز گزارش ارزی'!$F$8:$F$9818,J33,'ریز گزارش ارزی'!$G$8:$G$9818,L33) -> 0
B34: € | C34: Project 1 | D34: قرض | E34: نصب | F34: =SUMIFS('ریز گزارش ارزی'!$AC$8:$AC$9818,'ریز گزارش ارزی'!$AC$8:$AC$9818,">0",'ریز گزارش ارزی'!$AF$8:$AF$9818,"4",'ریز گزارش ارزی'!$H$8:$H$9818,B34,'ریز گزارش ارزی'!$F$8:$F$9818,C34,'ریز گزارش ارزی'!$G$8:$G$9818,E34) -> 0 | G34: =SUMIFS('ریز گزارش ارزی'!$AD$8:$AD$9818,'ریز گزارش ارزی'!$AD$8:$AD$9818,">0",'ریز گزارش ارزی'!$AF$8:$AF$9818,"4",'ریز گزارش ارزی'!$H$8:$H$9818,B34,'ریز گزارش ارزی'!$F$8:$F$9818,C34,'ریز گزارش ارزی'!$G$8:$G$9818,E34) -> 0 | I34: € | J34: Project 2 | K34: دریافتی از کارفرما | L34: نصب | M34: =SUMIFS('ریز گزارش ارزی'!$L$8:$L$9818,'ریز گزارش ارزی'!$L$8:$L$9818,">0",'ریز گزارش ارزی'!$H$8:$H$9818,I34,'ریز گزارش ارزی'!$F$8:$F$9818,J34,'ریز گزارش ارزی'!$G$8:$G$9818,L34) -> 0
B35: € | C35: Project 1 | D35: قرض | E35: راه اندازی | F35: =SUMIFS('ریز گزارش ارزی'!$AC$8:$AC$9818,'ریز گزارش ارزی'!$AC$8:$AC$9818,">0",'ریز گزارش ارزی'!$AF$8:$AF$9818,"4",'ریز گزارش ارزی'!$H$8:$H$9818,B35,'ریز گزارش ارزی'!$F$8:$F$9818,C35,'ریز گزارش ارزی'!$G$8:$G$9818,E35) -> 0 | G35: =SUMIFS('ریز گزارش ارزی'!$AD$8:$AD$9818,'ریز گزارش ارزی'!$AD$8:$AD$9818,">0",'ریز گزارش ارزی'!$AF$8:$AF$9818,"4",'ریز گزارش ارزی'!$H$8:$H$9818,B35,'ریز گزارش ارزی'!$F$8:$F$9818,C35,'ریز گزارش ارزی'!$G$8:$G$9818,E35) -> 0 | I35: € | J35: Project 2 | K35: دریافتی از کارفرما | L35: راه اندازی | M35: =SUMIFS('ریز گزارش ارزی'!$L$8:$L$9818,'ریز گزارش ارزی'!$L$8:$L$9818,">0",'ریز گزارش ارزی'!$H$8:$H$9818,I35,'ریز گزارش ارزی'!$F$8:$F$9818,J35,'ریز گزارش ارزی'!$G$8:$G$9818,L35) -> 0
B36: € | C36: Project 1 | D36: قرض | E36: مکانیکال | F36: =SUMIFS('ریز گزارش ارزی'!$AC$8:$AC$9818,'ریز گزارش ارزی'!$AC$8:$AC$9818,">0",'ریز گزارش ارزی'!$AF$8:$AF$9818,"4",'ریز گزارش ارزی'!$H$8:$H$9818,B36,'ریز گزارش ارزی'!$F$8:$F$9818,C36,'ریز گزارش ارزی'!$G$8:$G$9818,E36) -> 0 | G36: =SUMIFS('ریز گزارش ارزی'!$AD$8:$AD$9818,'ریز گزارش ارزی'!$AD$8:$AD$9818,">0",'ریز گزارش ارزی'!$AF$8:$AF$9818,"4",'ریز گزارش ارزی'!$H$8:$H$9818,B36,'ریز گزارش ارزی'!$F$8:$F$9818,C36,'ریز گزارش ارزی'!$G$8:$G$9818,E36) -> 0 | I36: € | J36: Project 2 | K36: دریافتی از کارفرما | L36: مکانیکال | M36: =SUMIFS('ریز گزارش ارزی'!$L$8:$L$9818,'ریز گزارش ارزی'!$L$8:$L$9818,">0",'ریز گزارش ارزی'!$H$8:$H$9818,I36,'ریز گزارش ارزی'!$F$8:$F$9818,J36,'ریز گزارش ارزی'!$G$8:$G$9818,L36) -> 0
B37: € | C37: Project 1 | D37: قرض | E37: مهندسی | F37: =SUMIFS('ریز گزارش ارزی'!$AC$8:$AC$9818,'ریز گزارش ارزی'!$AC$8:$AC$9818,">0",'ریز گزارش ارزی'!$AF$8:$AF$9818,"4",'ریز گزارش ارزی'!$H$8:$H$9818,B37,'ریز گزارش ارزی'!$F$8:$F$9818,C37,'ریز گزارش ارزی'!$G$8:$G$9818,E37) -> 0 | G37: =SUMIFS('ریز گزارش ارزی'!$AD$8:$AD$9818,'ریز گزارش ارزی'!$AD$8:$AD$9818,">0",'ریز گزارش ارزی'!$AF$8:$AF$9818,"4",'ریز گزارش ارزی'!$H$8:$H$9818,B37,'ریز گزارش ارزی'!$F$8:$F$9818,C37,'ریز گزارش ارزی'!$G$8:$G$9818,E37) -> 0 | I37: € | J37: Project 2 | K37: دریافتی از کارفرما | L37: مهندسی | M37: =SUMIFS('ریز گزارش ارزی'!$L$8:$L$9818,'ریز گزارش ارزی'!$L$8:$L$9818,">0",'ریز گزارش ارزی'!$H$8:$H$9818,I37,'ریز گزارش ارزی'!$F$8:$F$9818,J37,'ریز گزارش ارزی'!$G$8:$G$9818,L37) -> 0
B38: € | C38: Project 1 | D38: قرض | E38: مدیریت | F38: =SUMIFS('ریز گزارش ارزی'!$AC$8:$AC$9818,'ریز گزارش ارزی'!$AC$8:$AC$9818,">0",'ریز گزارش ارزی'!$AF$8:$AF$9818,"4",'ریز گزارش ارزی'!$H$8:$H$9818,B38,'ریز گزارش ارزی'!$F$8:$F$9818,C38,'ریز گزارش ارزی'!$G$8:$G$9818,E38) -> 0 | G38: =SUMIFS('ریز گزارش ارزی'!$AD$8:$AD$9818,'ریز گزارش ارزی'!$AD$8:$AD$9818,">0",'ریز گزارش ارزی'!$AF$8:$AF$9818,"4",'ریز گزارش ارزی'!$H$8:$H$9818,B38,'ریز گزارش ارزی'!$F$8:$F$9818,C38,'ریز گزارش ارزی'!$G$8:$G$9818,E38) -> 0 | I38: € | J38: Project 2 | K38: دریافتی از کارفرما | L38: مدیریت | M38: =SUMIFS('ریز گزارش ارزی'!$L$8:$L$9818,'ریز گزارش ارزی'!$L$8:$L$9818,">0",'ریز گزارش ارزی'!$H$8:$H$9818,I38,'ریز گزارش ارزی'!$F$8:$F$9818,J38,'ریز گزارش ارزی'!$G$8:$G$9818,L38) -> 0
B39: AED | C39: Project 1 | D39: قرض | E39: تولید | F39: =SUMIFS('ریز گزارش ارزی'!$AC$8:$AC$9818,'ریز گزارش ارزی'!$AC$8:$AC$9818,">0",'ریز گزارش ارزی'!$AF$8:$AF$9818,"4",'ریز گزارش ارزی'!$H$8:$H$9818,B39,'ریز گزارش ارزی'!$F$8:$F$9818,C39,'ریز گزارش ارزی'!$G$8:$G$9818,E39) -> 87 | G39: =SUMIFS('ریز گزارش ارزی'!$AD$8:$AD$9818,'ریز گزارش ارزی'!$AD$8:$AD$9818,">0",'ریز گزارش ارزی'!$AF$8:$AF$9818,"4",'ریز گزارش ارزی'!$H$8:$H$9818,B39,'ریز گزارش ارزی'!$F$8:$F$9818,C39,'ریز گزارش ارزی'!$G$8:$G$9818,E39) -> 14 | I39: AED | J39: Project 2 | K39: دریافتی از کارفرما | L39: تولید | M39: =SUMIFS('ریز گزارش ارزی'!$L$8:$L$9818,'ریز گزارش ارزی'!$L$8:$L$9818,">0",'ریز گزارش ارزی'!$H$8:$H$9818,I39,'ریز گزارش ارزی'!$F$8:$F$9818,J39,'ریز گزارش ارزی'!$G$8:$G$9818,L39) -> 0
B40: AED | C40: Project 1 | D40: قرض | E40: تامین | F40: =SUMIFS('ریز گزارش ارزی'!$AC$8:$AC$9818,'ریز گزارش ارزی'!$AC$8:$AC$9818,">0",'ریز گزارش ارزی'!$AF$8:$AF$9818,"4",'ریز گزارش ارزی'!$H$8:$H$9818,B40,'ریز گزارش ارزی'!$F$8:$F$9818,C40,'ریز گزارش ارزی'!$G$8:$G$9818,E40) -> 119 | G40: =SUMIFS('ریز گزارش ارزی'!$AD$8:$AD$9818,'ریز گزارش ارزی'!$AD$8:$AD$9818,">0",'ریز گزارش ارزی'!$AF$8:$AF$9818,"4",'ریز گزارش ارزی'!$H$8:$H$9818,B40,'ریز گزارش ارزی'!$F$8:$F$9818,C40,'ریز گزارش ارزی'!$G$8:$G$9818,E40) -> 80 | I40: AED | J40: Project 2 | K40: دریافتی از کارفرما | L40: تامین | M40: =SUMIFS('ریز گزارش ارزی'!$L$8:$L$9818,'ریز گزارش ارزی'!$L$8:$L$9818,">0",'ریز گزارش ارزی'!$H$8:$H$9818,I40,'ریز گزارش ارزی'!$F$8:$F$9818,J40,'ریز گزارش ارزی'!$G$8:$G$9818,L40) -> 530
B41: AED | C41: Project 1 | D41: قرض | E41: نصب | F41: =SUMIFS('ریز گزارش ارزی'!$AC$8:$AC$9818,'ریز گزارش ارزی'!$AC$8:$AC$9818,">0",'ریز گزارش ارزی'!$AF$8:$AF$9818,"4",'ریز گزارش ارزی'!$H$8:$H$9818,B41,'ریز گزارش ارزی'!$F$8:$F$9818,C41,'ریز گزارش ارزی'!$G$8:$G$9818,E41) -> 0 | G41: =SUMIFS('ریز گزارش ارزی'!$AD$8:$AD$9818,'ریز گزارش ارزی'!$AD$8:$AD$9818,">0",'ریز گزارش ارزی'!$AF$8:$AF$9818,"4",'ریز گزارش ارزی'!$H$8:$H$9818,B41,'ریز گزارش ارزی'!$F$8:$F$9818,C41,'ریز گزارش ارزی'!$G$8:$G$9818,E41) -> 0 | I41: AED | J41: Project 2 | K41: دریافتی از کارفرما | L41: نصب | M41: =SUMIFS('ریز گزارش ارزی'!$L$8:$L$9818,'ریز گزارش ارزی'!$L$8:$L$9818,">0",'ریز گزارش ارزی'!$H$8:$H$9818,I41,'ریز گزارش ارزی'!$F$8:$F$9818,J41,'ریز گزارش ارزی'!$G$8:$G$9818,L41) -> 0
B42: AED | C42: Project 1 | D42: قرض | E42: راه اندازی | F42: =SUMIFS('ریز گزارش ارزی'!$AC$8:$AC$9818,'ریز گزارش ارزی'!$AC$8:$AC$9818,">0",'ریز گزارش ارزی'!$AF$8:$AF$9818,"4",'ریز گزارش ارزی'!$H$8:$H$9818,B42,'ریز گزارش ارزی'!$F$8:$F$9818,C42,'ریز گزارش ارزی'!$G$8:$G$9818,E42) -> 0 | G42: =SUMIFS('ریز گزارش ارزی'!$AD$8:$AD$9818,'ریز گزارش ارزی'!$AD$8:$AD$9818,">0",'ریز گزارش ارزی'!$AF$8:$AF$9818,"4",'ریز گزارش ارزی'!$H$8:$H$9818,B42,'ریز گزارش ارزی'!$F$8:$F$9818,C42,'ریز گزارش ارزی'!$G$8:$G$9818,E42) -> 0 | I42: AED | J42: Project 2 | K42: دریافتی از کارفرما | L42: راه اندازی | M42: =SUMIFS('ریز گزارش ارزی'!$L$8:$L$9818,'ریز گزارش ارزی'!$L$8:$L$9818,">0",'ریز گزارش ارزی'!$H$8:$H$9818,I42,'ریز گزارش ارزی'!$F$8:$F$9818,J42,'ریز گزارش ارزی'!$G$8:$G$9818,L42) -> 0
B43: AED | C43: Project 1 | D43: قرض | E43: مکانیکال | F43: =SUMIFS('ریز گزارش ارزی'!$AC$8:$AC$9818,'ریز گزارش ارزی'!$AC$8:$AC$9818,">0",'ریز گزارش ارزی'!$AF$8:$AF$9818,"4",'ریز گزارش ارزی'!$H$8:$H$9818,B43,'ریز گزارش ارزی'!$F$8:$F$9818,C43,'ریز گزارش ارزی'!$G$8:$G$9818,E43) -> 30 | G43: =SUMIFS('ریز گزارش ارزی'!$AD$8:$AD$9818,'ریز گزارش ارزی'!$AD$8:$AD$9818,">0",'ریز گزارش ارزی'!$AF$8:$AF$9818,"4",'ریز گزارش ارزی'!$H$8:$H$9818,B43,'ریز گزارش ارزی'!$F$8:$F$9818,C43,'ریز گزارش ارزی'!$G$8:$G$9818,E43) -> 105 | I43: AED | J43: Project 2 | K43: دریافتی از کارفرما | L43: مکانیکال | M43: =SUMIFS('ریز گزارش ارزی'!$L$8:$L$9818,'ریز گزارش ارزی'!$L$8:$L$9818,">0",'ریز گزارش ارزی'!$H$8:$H$9818,I43,'ریز گزارش ارزی'!$F$8:$F$9818,J43,'ریز گزارش ارزی'!$G$8:$G$9818,L43) -> 0
... B59: ¥ | C59: Project 1 | D59: قرض | E59: مدیریت | F59: =SUMIFS('ریز گزارش ارزی'!$AC$8:$AC$9818,'ریز گزارش ارزی'!$AC$8:$AC$9818,">0",'ریز گزارش ارزی'!$AF$8:$AF$9818,"4",'ریز گزارش ارزی'!$H$8:$H$9818,B59,'ریز گزارش ارزی'!$F$8:$F$9818,C59,'ریز گزارش ارزی'!$G$8:$G$9818,E59) -> 0 | G59: =SUMIFS('ریز گزارش ارزی'!$AD$8:$AD$9818,'ریز گزارش ارزی'!$AD$8:$AD$9818,">0",'ریز گزارش ارزی'!$AF$8:$AF$9818,"4",'ریز گزارش ارزی'!$H$8:$H$9818,B59,'ریز گزارش ارزی'!$F$8:$F$9818,C59,'ریز گزارش ارزی'!$G$8:$G$9818,E59) -> 0 | I59: ¥ | J59: Project 2 | K59: دریافتی از کارفرما | L59: مدیریت | M59: =SUMIFS('ریز گزارش ارزی'!$L$8:$L$9818,'ریز گزارش ارزی'!$L$8:$L$9818,">0",'ریز گزارش ارزی'!$H$8:$H$9818,I59,'ریز گزارش ارزی'!$F$8:$F$9818,J59,'ریز گزارش ارزی'!$G$8:$G$9818,L59) -> 0
B60: € | C60: Project 1 | D60: عودت قرض | E60: تولید | F60: =SUMIFS('ریز گزارش ارزی'!$AC$8:$AC$9818,'ریز گزارش ارزی'!$AC$8:$AC$9818,">0",'ریز گزارش ارزی'!$AF$8:$AF$9818,"5",'ریز گزارش ارزی'!$H$8:$H$9818,B60,'ریز گزارش ارزی'!$F$8:$F$9818,C60,'ریز گزارش ارزی'!$G$8:$G$9818,E60) -> 0 | G60: =SUMIFS('ریز گزارش ارزی'!$AD$8:$AD$9818,'ریز گزارش ارزی'!$AD$8:$AD$9818,">0",'ریز گزارش ارزی'!$AF$8:$AF$9818,"5",'ریز گزارش ارزی'!$H$8:$H$9818,B60,'ریز گزارش ارزی'!$F$8:$F$9818,C60,'ریز گزارش ارزی'!$G$8:$G$9818,E60) -> 0 | I60: € | J60: سایر | K60: بالاسری | L60: اداری | M60: =SUMIFS('ریز گزارش ارزی'!$V$8:$V$9818,'ریز گزارش ارزی'!$V$8:$V$9818,">0",'ریز گزارش ارزی'!$H$8:$H$9818,I60)+SUMIFS('ریز گزارش ارزی'!$AM$8:$AM$9818,'ریز گزارش ارزی'!$AM$8:$AM$9818,">0",'ریز گزارش ارزی'!$H$8:$H$9818,I60)+SUMIFS('ریز گزارش ارزی'!$AC$8:$AC$9818,'ریز گزارش ارزی'!$AC$8:$AC$9818,">0",'ریز گزارش ارزی'!$AF$8:$AF$9818,"3",'ریز گزارش ارزی'!$H$8:$H$9818,I60,'ریز گزارش ارزی'!$F$8:$F$9818,J60,'ریز گزارش ارزی'!$G$8:$G$9818,L60)-SUMIFS('ریز گزارش ارزی'!AD7:AD9817,'ریز گزارش ارزی'!AD7:AD9817,">0",'ریز گزارش ارزی'!$AF$8:$AF$9818,"3",'ریز گزارش ارزی'!$H$8:$H$9818,I60,'ریز گزارش ارزی'!$F$8:$F$9818,J60,'ریز گزارش ارزی'!$G$8:$G$9818,L60) -> 67.73
B61: € | C61: Project 1 | D61: عودت قرض | E61: تامین | F61: =SUMIFS('ریز گزارش ارزی'!$AC$8:$AC$9818,'ریز گزارش ارزی'!$AC$8:$AC$9818,">0",'ریز گزارش ارزی'!$AF$8:$AF$9818,"5",'ریز گزارش ارزی'!$H$8:$H$9818,B61,'ریز گزارش ارزی'!$F$8:$F$9818,C61,'ریز گزارش ارزی'!$G$8:$G$9818,E61) -> 0 | G61: =SUMIFS('ریز گزارش ارزی'!$AD$8:$AD$9818,'ریز گزارش ارزی'!$AD$8:$AD$9818,">0",'ریز گزارش ارزی'!$AF$8:$AF$9818,"5",'ریز گزارش ارزی'!$H$8:$H$9818,B61,'ریز گزارش ارزی'!$F$8:$F$9818,C61,'ریز گزارش ارزی'!$G$8:$G$9818,E61) -> 0 | I61: AED | J61: سایر | K61: بالاسری | L61: اداری | M61: =SUMIFS('ریز گزارش ارزی'!$V$8:$V$9818,'ریز گزارش ارزی'!$V$8:$V$9818,">0",'ریز گزارش ارزی'!$H$8:$H$9818,I61)+SUMIFS('ریز گزارش ارزی'!$AM$8:$AM$9818,'ریز گزارش ارزی'!$AM$8:$AM$9818,">0",'ریز گزارش ارزی'!$H$8:$H$9818,I61)+SUMIFS('ریز گزارش ارزی'!$AC$8:$AC$9818,'ریز گزارش ارزی'!$AC$8:$AC$9818,">0",'ریز گزارش ارزی'!$AF$8:$AF$9818,"3",'ریز گزارش ارزی'!$H$8:$H$9818,I61,'ریز گزارش ارزی'!$F$8:$F$9818,J61,'ریز گزارش ارزی'!$G$8:$G$9818,L61)-SUMIFS('ریز گزارش ارزی'!AD8:AD9818,'ریز گزارش ارزی'!AD8:AD9818,">0",'ریز گزارش ارزی'!$AF$8:$AF$9818,"3",'ریز گزارش ارزی'!$H$8:$H$9818,I61,'ریز گزارش ارزی'!$F$8:$F$9818,J61,'ریز گزارش ارزی'!$G$8:$G$9818,L61) -> 326.79655
B62: € | C62: Project 1 | D62: عودت قرض | E62: نصب | F62: =SUMIFS('ریز گزارش ارزی'!$AC$8:$AC$9818,'ریز گزارش ارزی'!$AC$8:$AC$9818,">0",'ریز گزارش ارزی'!$AF$8:$AF$9818,"5",'ریز گزارش ارزی'!$H$8:$H$9818,B62,'ریز گزارش ارزی'!$F$8:$F$9818,C62,'ریز گزارش ارزی'!$G$8:$G$9818,E62) -> 0 | G62: =SUMIFS('ریز گزارش ارزی'!$AD$8:$AD$9818,'ریز گزارش ارزی'!$AD$8:$AD$9818,">0",'ریز گزارش ارزی'!$AF$8:$AF$9818,"5",'ریز گزارش ارزی'!$H$8:$H$9818,B62,'ریز گزارش ارزی'!$F$8:$F$9818,C62,'ریز گزارش ارزی'!$G$8:$G$9818,E62) -> 0 | I62: $ | J62: سایر | K62: بالاسری | L62: اداری | M62: =SUMIFS('ریز گزارش ارزی'!$V$8:$V$9818,'ریز گزارش ارزی'!$V$8:$V$9818,">0",'ریز گزارش ارزی'!$H$8:$H$9818,I62)+SUMIFS('ریز گزارش ارزی'!$AM$8:$AM$9818,'ریز گزارش ارزی'!$AM$8:$AM$9818,">0",'ریز گزارش ارزی'!$H$8:$H$9818,I62)+SUMIFS('ریز گزارش ارزی'!$AC$8:$AC$9818,'ریز گزارش ارزی'!$AC$8:$AC$9818,">0",'ریز گزارش ارزی'!$AF$8:$AF$9818,"3",'ریز گزارش ارزی'!$H$8:$H$9818,I62,'ریز گزارش ارزی'!$F$8:$F$9818,J62,'ریز گزارش ارزی'!$G$8:$G$9818,L62)-SUMIFS('ریز گزارش ارزی'!AD9:AD9819,'ریز گزارش ارزی'!AD9:AD9819,">0",'ریز گزارش ارزی'!$AF$8:$AF$9818,"3",'ریز گزارش ارزی'!$H$8:$H$9818,I62,'ریز گزارش ارزی'!$F$8:$F$9818,J62,'ریز گزارش ارزی'!$G$8:$G$9818,L62) -> 124.8
B63: € | C63: Project 1 | D63: عودت قرض | E63: راه اندازی | F63: =SUMIFS('ریز گزارش ارزی'!$AC$8:$AC$9818,'ریز گزارش ارزی'!$AC$8:$AC$9818,">0",'ریز گزارش ارزی'!$AF$8:$AF$9818,"5",'ریز گزارش ارزی'!$H$8:$H$9818,B63,'ریز گزارش ارزی'!$F$8:$F$9818,C63,'ریز گزارش ارزی'!$G$8:$G$9818,E63) -> 0 | G63: =SUMIFS('ریز گزارش ارزی'!$AD$8:$AD$9818,'ریز گزارش ارزی'!$AD$8:$AD$9818,">0",'ریز گزارش ارزی'!$AF$8:$AF$9818,"5",'ریز گزارش ارزی'!$H$8:$H$9818,B63,'ریز گزارش ارزی'!$F$8:$F$9818,C63,'ریز گزارش ارزی'!$G$8:$G$9818,E63) -> 0 | I63: ¥ | J63: سایر | K63: بالاسری | L63: اداری | M63: =SUMIFS('ریز گزارش ارزی'!$V$8:$V$9818,'ریز گزارش ارزی'!$V$8:$V$9818,">0",'ریز گزارش ارزی'!$H$8:$H$9818,I63)+SUMIFS('ریز گزارش ارزی'!$AM$8:$AM$9818,'ریز گزارش ارزی'!$AM$8:$AM$9818,">0",'ریز گزارش ارزی'!$H$8:$H$9818,I63)+SUMIFS('ریز گزارش ارزی'!$AC$8:$AC$9818,'ریز گزارش ارزی'!$AC$8:$AC$9818,">0",'ریز گزارش ارزی'!$AF$8:$AF$9818,"3",'ریز گزارش ارزی'!$H$8:$H$9818,I63,'ریز گزارش ارزی'!$F$8:$F$9818,J63,'ریز گزارش ارزی'!$G$8:$G$9818,L63)-SUMIFS('ریز گزارش ارزی'!AD10:AD9820,'ریز گزارش ارزی'!AD10:AD9820,">0",'ریز گزارش ارزی'!$AF$8:$AF$9818,"3",'ریز گزارش ارزی'!$H$8:$H$9818,I63,'ریز گزارش ارزی'!$F$8:$F$9818,J63,'ریز گزارش ارزی'!$G$8:$G$9818,L63) -> 48.1
B64: € | C64: Project 1 | D64: عودت قرض | E64: مکانیکال | F64: =SUMIFS('ریز گزارش ارزی'!$AC$8:$AC$9818,'ریز گزارش ارزی'!$AC$8:$AC$9818,">0",'ریز گزارش ارزی'!$AF$8:$AF$9818,"5",'ریز گزارش ارزی'!$H$8:$H$9818,B64,'ریز گزارش ارزی'!$F$8:$F$9818,C64,'ریز گزارش ارزی'!$G$8:$G$9818,E64) -> 0 | G64: =SUMIFS('ریز گزارش ارزی'!$AD$8:$AD$9818,'ریز گزارش ارزی'!$AD$8:$AD$9818,">0",'ریز گزارش ارزی'!$AF$8:$AF$9818,"5",'ریز گزارش ارزی'!$H$8:$H$9818,B64,'ریز گزارش ارزی'!$F$8:$F$9818,C64,'ریز گزارش ارزی'!$G$8:$G$9818,E64) -> 0 | I64: € | J64: Project 1 | K64: کارمزد بانکی | M64: =SUMIFS('ریز گزارش ارزی'!AD8:AD9822,'ریز گزارش ارزی'!AD8:AD9822,">0",'ریز گزارش ارزی'!$H$8:$H$9822,I64,'ریز گزارش ارزی'!$F$8:$F$9822,J64,'ریز گزارش ارزی'!AG8:AG9822,K64) -> 0 | N64: 0
B65: € | C65: Project 1 | D65: عودت قرض | E65: مهندسی | F65: =SUMIFS('ریز گزارش ارزی'!$AC$8:$AC$9818,'ریز گزارش ارزی'!$AC$8:$AC$9818,">0",'ریز گزارش ارزی'!$AF$8:$AF$9818,"5",'ریز گزارش ارزی'!$H$8:$H$9818,B65,'ریز گزارش ارزی'!$F$8:$F$9818,C65,'ریز گزارش ارزی'!$G$8:$G$9818,E65) -> 0 | G65: =SUMIFS('ریز گزارش ارزی'!$AD$8:$AD$9818,'ریز گزارش ارزی'!$AD$8:$AD$9818,">0",'ریز گزارش ارزی'!$AF$8:$AF$9818,"5",'ریز گزارش ارزی'!$H$8:$H$9818,B65,'ریز گزارش ارزی'!$F$8:$F$9818,C65,'ریز گزارش ارزی'!$G$8:$G$9818,E65) -> 0 | I65: AED | J65: Project 1 | K65: کارمزد بانکی | M65: =SUMIFS('ریز گزارش ارزی'!AD8:AD9822,'ریز گزارش ارزی'!AD8:AD9822,">0",'ریز گزارش ارزی'!$H$8:$H$9822,I65,'ریز گزارش ارزی'!$F$8:$F$9822,J65,'ریز گزارش ارزی'!AG8:AG9822,K65) -> 212 | N65: 0
B66: € | C66: Project 1 | D66: عودت قرض | E66: مدیریت | F66: =SUMIFS('ریز گزارش ارزی'!$AC$8:$AC$9818,'ریز گزارش ارزی'!$AC$8:$AC$9818,">0",'ریز گزارش ارزی'!$AF$8:$AF$9818,"5",'ریز گزارش ارزی'!$H$8:$H$9818,B66,'ریز گزارش ارزی'!$F$8:$F$9818,C66,'ریز گزارش ارزی'!$G$8:$G$9818,E66) -> 0 | G66: =SUMIFS('ریز گزارش ارزی'!$AD$8:$AD$9818,'ریز گزارش ارزی'!$AD$8:$AD$9818,">0",'ریز گزارش ارزی'!$AF$8:$AF$9818,"5",'ریز گزارش ارزی'!$H$8:$H$9818,B66,'ریز گزارش ارزی'!$F$8:$F$9818,C66,'ریز گزارش ارزی'!$G$8:$G$9818,E66) -> 0 | I66: $ | J66: Project 1 | K66: کارمزد بانکی | M66: =SUMIFS('ریز گزارش ارزی'!AD8:AD9822,'ریز گزارش ارزی'!AD8:AD9822,">0",'ریز گزارش ارزی'!$H$8:$H$9822,I66,'ریز گزارش ارزی'!$F$8:$F$9822,J66,'ریز گزارش ارزی'!AG8:AG9822,K66) -> 0 | N66: 0
B67: AED | C67: Project 1 | D67: عودت قرض | E67: تولید | F67: =SUMIFS('ریز گزارش ارزی'!$AC$8:$AC$9818,'ریز گزارش ارزی'!$AC$8:$AC$9818,">0",'ریز گزارش ارزی'!$AF$8:$AF$9818,"5",'ریز گزارش ارزی'!$H$8:$H$9818,B67,'ریز گزارش ارزی'!$F$8:$F$9818,C67,'ریز گزارش ارزی'!$G$8:$G$9818,E67) -> 0 | G67: =SUMIFS('ریز گزارش ارزی'!$AD$8:$AD$9818,'ریز گزارش ارزی'!$AD$8:$AD$9818,">0",'ریز گزارش ارزی'!$AF$8:$AF$9818,"5",'ریز گزارش ارزی'!$H$8:$H$9818,B67,'ریز گزارش ارزی'!$F$8:$F$9818,C67,'ریز گزارش ارزی'!$G$8:$G$9818,E67) -> 0 | I67: ¥ | J67: Project 1 | K67: کارمزد بانکی | M67: =SUMIFS('ریز گزارش ارزی'!AD8:AD9822,'ریز گزارش ارزی'!AD8:AD9822,">0",'ریز گزارش ارزی'!$H$8:$H$9822,I67,'ریز گزارش ارزی'!$F$8:$F$9822,J67,'ریز گزارش ارزی'!AG8:AG9822,K67) -> 0 | N67: 0
B68: AED | C68: Project 1 | D68: عودت قرض | E68: تامین | F68: =SUMIFS('ریز گزارش ارزی'!$AC$8:$AC$9818,'ریز گزارش ارزی'!$AC$8:$AC$9818,">0",'ریز گزارش ارزی'!$AF$8:$AF$9818,"5",'ریز گزارش ارزی'!$H$8:$H$9818,B68,'ریز گزارش ارزی'!$F$8:$F$9818,C68,'ریز گزارش ارزی'!$G$8:$G$9818,E68) -> 0 | G68: =SUMIFS('ریز گزارش ارزی'!$AD$8:$AD$9818,'ریز گزارش ارزی'!$AD$8:$AD$9818,">0",'ریز گزارش ارزی'!$AF$8:$AF$9818,"5",'ریز گزارش ارزی'!$H$8:$H$9818,B68,'ریز گزارش ارزی'!$F$8:$F$9818,C68,'ریز گزارش ارزی'!$G$8:$G$9818,E68) -> 68 | I68: € | J68: Project 2 | K68: کارمزد بانکی | M68: =SUMIFS('ریز گزارش ارزی'!AD8:AD9822,'ریز گزارش ارزی'!AD8:AD9822,">0",'ریز گزارش ارزی'!$H$8:$H$9822,I68,'ریز گزارش ارزی'!$F$8:$F$9822,J68,'ریز گزارش ارزی'!AG8:AG9822,K68) -> 0 | N68: 0
B69: AED | C69: Project 1 | D69: عودت قرض | E69: نصب | F69: =SUMIFS('ریز گزارش ارزی'!$AC$8:$AC$9818,'ریز گزارش ارزی'!$AC$8:$AC$9818,">0",'ریز گزارش ارزی'!$AF$8:$AF$9818,"5",'ریز گزارش ارزی'!$H$8:$H$9818,B69,'ریز گزارش ارزی'!$F$8:$F$9818,C69,'ریز گزارش ارزی'!$G$8:$G$9818,E69) -> 0 | G69: =SUMIFS('ریز گزارش ارزی'!$AD$8:$AD$9818,'ریز گزارش ارزی'!$AD$8:$AD$9818,">0",'ریز گزارش ارزی'!$AF$8:$AF$9818,"5",'ریز گزارش ارزی'!$H$8:$H$9818,B69,'ریز گزارش ارزی'!$F$8:$F$9818,C69,'ریز گزارش ارزی'!$G$8:$G$9818,E69) -> 0 | I69: AED | J69: Project 2 | K69: کارمزد بانکی | M69: =SUMIFS('ریز گزارش ارزی'!AD8:AD9822,'ریز گزارش ارزی'!AD8:AD9822,">0",'ریز گزارش ارزی'!$H$8:$H$9822,I69,'ریز گزارش ارزی'!$F$8:$F$9822,J69,'ریز گزارش ارزی'!AG8:AG9822,K69) -> 45 | N69: 0
B70: AED | C70: Project 1 | D70: عودت قرض | E70: راه اندازی | F70: =SUMIFS('ریز گزارش ارزی'!$AC$8:$AC$9818,'ریز گزارش ارزی'!$AC$8:$AC$9818,">0",'ریز گزارش ارزی'!$AF$8:$AF$9818,"5",'ریز گزارش ارزی'!$H$8:$H$9818,B70,'ریز گزارش ارزی'!$F$8:$F$9818,C70,'ریز گزارش ارزی'!$G$8:$G$9818,E70) -> 0 | G70: =SUMIFS('ریز گزارش ارزی'!$AD$8:$AD$9818,'ریز گزارش ارزی'!$AD$8:$AD$9818,">0",'ریز گزارش ارزی'!$AF$8:$AF$9818,"5",'ریز گزارش ارزی'!$H$8:$H$9818,B70,'ریز گزارش ارزی'!$F$8:$F$9818,C70,'ریز گزارش ارزی'!$G$8:$G$9818,E70) -> 0 | I70: $ | J70: Project 2 | K70: کارمزد بانکی | M70: =SUMIFS('ریز گزارش ارزی'!AD8:AD9822,'ریز گزارش ارزی'!AD8:AD9822,">0",'ریز گزارش ارزی'!$H$8:$H$9822,I70,'ریز گزارش ارزی'!$F$8:$F$9822,J70,'ریز گزارش ارزی'!AG8:AG9822,K70) -> 0 | N70: 0
B71: AED | C71: Project 1 | D71: عودت قرض | E71: مکانیکال | F71: =SUMIFS('ریز گزارش ارزی'!$AC$8:$AC$9818,'ریز گزارش ارزی'!$AC$8:$AC$9818,">0",'ریز گزارش ارزی'!$AF$8:$AF$9818,"5",'ریز گزارش ارزی'!$H$8:$H$9818,B71,'ریز گزارش ارزی'!$F$8:$F$9818,C71,'ریز گزارش ارزی'!$G$8:$G$9818,E71) -> 68 | G71: =SUMIFS('ریز گزارش ارزی'!$AD$8:$AD$9818,'ریز گزارش ارزی'!$AD$8:$AD$9818,">0",'ریز گزارش ارزی'!$AF$8:$AF$9818,"5",'ریز گزارش ارزی'!$H$8:$H$9818,B71,'ریز گزارش ارزی'!$F$8:$F$9818,C71,'ریز گزارش ارزی'!$G$8:$G$9818,E71) -> 0 | I71: ¥ | J71: Project 2 | K71: کارمزد بانکی | M71: =SUMIFS('ریز گزارش ارزی'!AD8:AD9822,'ریز گزارش ارزی'!AD8:AD9822,">0",'ریز گزارش ارزی'!$H$8:$H$9822,I71,'ریز گزارش ارزی'!$F$8:$F$9822,J71,'ریز گزارش ارزی'!AG8:AG9822,K71) -> 0 | N71: 0
B72: AED | C72: Project 1 | D72: عودت قرض | E72: مهندسی | F72: =SUMIFS('ریز گزارش ارزی'!$AC$8:$AC$9818,'ریز گزارش ارزی'!$AC$8:$AC$9818,">0",'ریز گزارش ارزی'!$AF$8:$AF$9818,"5",'ریز گزارش ارزی'!$H$8:$H$9818,B72,'ریز گزارش ارزی'!$F$8:$F$9818,C72,'ریز گزارش ارزی'!$G$8:$G$9818,E72) -> 0 | G72: =SUMIFS('ریز گزارش ارزی'!$AD$8:$AD$9818,'ریز گزارش ارزی'!$AD$8:$AD$9818,">0",'ریز گزارش ارزی'!$AF$8:$AF$9818,"5",'ریز گزارش ارزی'!$H$8:$H$9818,B72,'ریز گزارش ارزی'!$F$8:$F$9818,C72,'ریز گزارش ارزی'!$G$8:$G$9818,E72) -> 0
B73: AED | C73: Project 1 | D73: عودت قرض | E73: مدیریت | F73: =SUMIFS('ریز گزارش ارزی'!$AC$8:$AC$9818,'ریز گزارش ارزی'!$AC$8:$AC$9818,">0",'ریز گزارش ارزی'!$AF$8:$AF$9818,"5",'ریز گزارش ارزی'!$H$8:$H$9818,B73,'ریز گزارش ارزی'!$F$8:$F$9818,C73,'ریز گزارش ارزی'!$G$8:$G$9818,E73) -> 0 | G73: =SUMIFS('ریز گزارش ارزی'!$AD$8:$AD$9818,'ریز گزارش ارزی'!$AD$8:$AD$9818,">0",'ریز گزارش ارزی'!$AF$8:$AF$9818,"5",'ریز گزارش ارزی'!$H$8:$H$9818,B73,'ریز گزارش ارزی'!$F$8:$F$9818,C73,'ریز گزارش ارزی'!$G$8:$G$9818,E73) -> 0
B74: $ | C74: Project 1 | D74: عودت قرض | E74: تولید | F74: =SUMIFS('ریز گزارش ارزی'!$AC$8:$AC$9818,'ریز گزارش ارزی'!$AC$8:$AC$9818,">0",'ریز گزارش ارزی'!$AF$8:$AF$9818,"5",'ریز گزارش ارزی'!$H$8:$H$9818,B74,'ریز گزارش ارزی'!$F$8:$F$9818,C74,'ریز گزارش ارزی'!$G$8:$G$9818,E74) -> 0 | G74: =SUMIFS('ریز گزارش ارزی'!$AD$8:$AD$9818,'ریز گزارش ارزی'!$AD$8:$AD$9818,">0",'ریز گزارش ارزی'!$AF$8:$AF$9818,"5",'ریز گزارش ارزی'!$H$8:$H$9818,B74,'ریز گزارش ارزی'!$F$8:$F$9818,C74,'ریز گزارش ارزی'!$G$8:$G$9818,E74) -> 0
B75: $ | C75: Project 1 | D75: عودت قرض | E75: تامین | F75: =SUMIFS('ریز گزارش ارزی'!$AC$8:$AC$9818,'ریز گزارش ارزی'!$AC$8:$AC$9818,">0",'ریز گزارش ارزی'!$AF$8:$AF$9818,"5",'ریز گزارش ارزی'!$H$8:$H$9818,B75,'ریز گزارش ارزی'!$F$8:$F$9818,C75,'ریز گزارش ارزی'!$G$8:$G$9818,E75) -> 0 | G75: =SUMIFS('ریز گزارش ارزی'!$AD$8:$AD$9818,'ریز گزارش ارزی'!$AD$8:$AD$9818,">0",'ریز گزارش ارزی'!$AF$8:$AF$9818,"5",'ریز گزارش ارزی'!$H$8:$H$9818,B75,'ریز گزارش ارزی'!$F$8:$F$9818,C75,'ریز گزارش ارزی'!$G$8:$G$9818,E75) -> 0
B76: $ | C76: Project 1 | D76: عودت قرض | E76: نصب | F76: =SUMIFS('ریز گزارش ارزی'!$AC$8:$AC$9818,'ریز گزارش ارزی'!$AC$8:$AC$9818,">0",'ریز گزارش ارزی'!$AF$8:$AF$9818,"5",'ریز گزارش ارزی'!$H$8:$H$9818,B76,'ریز گزارش ارزی'!$F$8:$F$9818,C76,'ریز گزارش ارزی'!$G$8:$G$9818,E76) -> 0 | G76: =SUMIFS('ریز گزارش ارزی'!$AD$8:$AD$9818,'ریز گزارش ارزی'!$AD$8:$AD$9818,">0",'ریز گزارش ارزی'!$AF$8:$AF$9818,"5",'ریز گزارش ارزی'!$H$8:$H$9818,B76,'ریز گزارش ارزی'!$F$8:$F$9818,C76,'ریز گزارش ارزی'!$G$8:$G$9818,E76) -> 0
B77: $ | C77: Project 1 | D77: عودت قرض | E77: راه اندازی | F77: =SUMIFS('ریز گزارش ارزی'!$AC$8:$AC$9818,'ریز گزارش ارزی'!$AC$8:$AC$9818,">0",'ریز گزارش ارزی'!$AF$8:$AF$9818,"5",'ریز گزارش ارزی'!$H$8:$H$9818,B77,'ریز گزارش ارزی'!$F$8:$F$9818,C77,'ریز گزارش ارزی'!$G$8:$G$9818,E77) -> 0 | G77: =SUMIFS('ریز گزارش ارزی'!$AD$8:$AD$9818,'ریز گزارش ارزی'!$AD$8:$AD$9818,">0",'ریز گزارش ارزی'!$AF$8:$AF$9818,"5",'ریز گزارش ارزی'!$H$8:$H$9818,B77,'ریز گزارش ارزی'!$F$8:$F$9818,C77,'ریز گزارش ارزی'!$G$8:$G$9818,E77) -> 0
B78: $ | C78: Project 1 | D78: عودت قرض | E78: مکانیکال | F78: =SUMIFS('ریز گزارش ارزی'!$AC$8:$AC$9818,'ریز گزارش ارزی'!$AC$8:$AC$9818,">0",'ریز گزارش ارزی'!$AF$8:$AF$9818,"5",'ریز گزارش ارزی'!$H$8:$H$9818,B78,'ریز گزارش ارزی'!$F$8:$F$9818,C78,'ریز گزارش ارزی'!$G$8:$G$9818,E78) -> 0 | G78: =SUMIFS('ریز گزارش ارزی'!$AD$8:$AD$9818,'ریز گزارش ارزی'!$AD$8:$AD$9818,">0",'ریز گزارش ارزی'!$AF$8:$AF$9818,"5",'ریز گزارش ارزی'!$H$8:$H$9818,B78,'ریز گزارش ارزی'!$F$8:$F$9818,C78,'ریز گزارش ارزی'!$G$8:$G$9818,E78) -> 0
B79: $ | C79: Project 1 | D79: عودت قرض | E79: مهندسی | F79: =SUMIFS('ریز گزارش ارزی'!$AC$8:$AC$9818,'ریز گزارش ارزی'!$AC$8:$AC$9818,">0",'ریز گزارش ارزی'!$AF$8:$AF$9818,"5",'ریز گزارش ارزی'!$H$8:$H$9818,B79,'ریز گزارش ارزی'!$F$8:$F$9818,C79,'ریز گزارش ارزی'!$G$8:$G$9818,E79) -> 0 | G79: =SUMIFS('ریز گزارش ارزی'!$AD$8:$AD$9818,'ریز گزارش ارزی'!$AD$8:$AD$9818,">0",'ریز گزارش ارزی'!$AF$8:$AF$9818,"5",'ریز گزارش ارزی'!$H$8:$H$9818,B79,'ریز گزارش ارزی'!$F$8:$F$9818,C79,'ریز گزارش ارزی'!$G$8:$G$9818,E79) -> 0
B80: $ | C80: Project 1 | D80: عودت قرض | E80: مدیریت | F80: =SUMIFS('ریز گزارش ارزی'!$AC$8:$AC$9818,'ریز گزارش ارزی'!$AC$8:$AC$9818,">0",'ریز گزارش ارزی'!$AF$8:$AF$9818,"5",'ریز گزارش ارزی'!$H$8:$H$9818,B80,'ریز گزارش ارزی'!$F$8:$F$9818,C80,'ریز گزارش ارزی'!$G$8:$G$9818,E80) -> 0 | G80: =SUMIFS('ریز گزارش ارزی'!$AD$8:$AD$9818,'ریز گزارش ارزی'!$AD$8:$AD$9818,">0",'ریز گزارش ارزی'!$AF$8:$AF$9818,"5",'ریز گزارش ارزی'!$H$8:$H$9818,B80,'ریز گزارش ارزی'!$F$8:$F$9818,C80,'ریز گزارش ارزی'!$G$8:$G$9818,E80) -> 0
B81: ¥ | C81: Project 1 | D81: عودت قرض | E81: تولید | F81: =SUMIFS('ریز گزارش ارزی'!$AC$8:$AC$9818,'ریز گزارش ارزی'!$AC$8:$AC$9818,">0",'ریز گزارش ارزی'!$AF$8:$AF$9818,"5",'ریز گزارش ارزی'!$H$8:$H$9818,B81,'ریز گزارش ارزی'!$F$8:$F$9818,C81,'ریز گزارش ارزی'!$G$8:$G$9818,E81) -> 0 | G81: =SUMIFS('ریز گزارش ارزی'!$AD$8:$AD$9818,'ریز گزارش ارزی'!$AD$8:$AD$9818,">0",'ریز گزارش ارزی'!$AF$8:$AF$9818,"5",'ریز گزارش ارزی'!$H$8:$H$9818,B81,'ریز گزارش ارزی'!$F$8:$F$9818,C81,'ریز گزارش ارزی'!$G$8:$G$9818,E81) -> 0
B82: ¥ | C82: Project 1 | D82: عودت قرض | E82: تامین | F82: =SUMIFS('ریز گزارش ارزی'!$AC$8:$AC$9818,'ریز گزارش ارزی'!$AC$8:$AC$9818,">0",'ریز گزارش ارزی'!$AF$8:$AF$9818,"5",'ریز گزارش ارزی'!$H$8:$H$9818,B82,'ریز گزارش ارزی'!$F$8:$F$9818,C82,'ریز گزارش ارزی'!$G$8:$G$9818,E82) -> 0 | G82: =SUMIFS('ریز گزارش ارزی'!$AD$8:$AD$9818,'ریز گزارش ارزی'!$AD$8:$AD$9818,">0",'ریز گزارش ارزی'!$AF$8:$AF$9818,"5",'ریز گزارش ارزی'!$H$8:$H$9818,B82,'ریز گزارش ارزی'!$F$8:$F$9818,C82,'ریز گزارش ارزی'!$G$8:$G$9818,E82) -> 0
B83: ¥ | C83: Project 1 | D83: عودت قرض | E83: نصب | F83: =SUMIFS('ریز گزارش ارزی'!$AC$8:$AC$9818,'ریز گزارش ارزی'!$AC$8:$AC$9818,">0",'ریز گزارش ارزی'!$AF$8:$AF$9818,"5",'ریز گزارش ارزی'!$H$8:$H$9818,B83,'ریز گزارش ارزی'!$F$8:$F$9818,C83,'ریز گزارش ارزی'!$G$8:$G$9818,E83) -> 0 | G83: =SUMIFS('ریز گزارش ارزی'!$AD$8:$AD$9818,'ریز گزارش ارزی'!$AD$8:$AD$9818,">0",'ریز گزارش ارزی'!$AF$8:$AF$9818,"5",'ریز گزارش ارزی'!$H$8:$H$9818,B83,'ریز گزارش ارزی'!$F$8:$F$9818,C83,'ریز گزارش ارزی'!$G$8:$G$9818,E83) -> 0
... B87: ¥ | C87: Project 1 | D87: عودت قرض | E87: مدیریت | F87: =SUMIFS('ریز گزارش ارزی'!$AC$8:$AC$9818,'ریز گزارش ارزی'!$AC$8:$AC$9818,">0",'ریز گزارش ارزی'!$AF$8:$AF$9818,"5",'ریز گزارش ارزی'!$H$8:$H$9818,B87,'ریز گزارش ارزی'!$F$8:$F$9818,C87,'ریز گزارش ارزی'!$G$8:$G$9818,E87) -> 0 | G87: =SUMIFS('ریز گزارش ارزی'!$AD$8:$AD$9818,'ریز گزارش ارزی'!$AD$8:$AD$9818,">0",'ریز گزارش ارزی'!$AF$8:$AF$9818,"5",'ریز گزارش ارزی'!$H$8:$H$9818,B87,'ریز گزارش ارزی'!$F$8:$F$9818,C87,'ریز گزارش ارزی'!$G$8:$G$9818,E87) -> 0
B88: € | C88: Project 2 | D88: پروژه/پرداخت | E88: تولید | F88: =SUMIFS('ریز گزارش ارزی'!$AC$8:$AC$9818,'ریز گزارش ارزی'!$AC$8:$AC$9818,">0",'ریز گزارش ارزی'!$AF$8:$AF$9818,"1",'ریز گزارش ارزی'!$H$8:$H$9818,B88,'ریز گزارش ارزی'!$F$8:$F$9818,C88,'ریز گزارش ارزی'!$G$8:$G$9818,E88) -> 0 | G88: =SUMIFS('ریز گزارش ارزی'!$AD$8:$AD$9818,'ریز گزارش ارزی'!$AD$8:$AD$9818,">0",'ریز گزارش ارزی'!$AF$8:$AF$9818,"2",'ریز گزارش ارزی'!$H$8:$H$9818,B88,'ریز گزارش ارزی'!$F$8:$F$9818,C88,'ریز گزارش ارزی'!$G$8:$G$9818,E88) -> 0
B89: € | C89: Project 2 | D89: پروژه/پرداخت | E89: تامین | F89: =SUMIFS('ریز گزارش ارزی'!$AC$8:$AC$9818,'ریز گزارش ارزی'!$AC$8:$AC$9818,">0",'ریز گزارش ارزی'!$AF$8:$AF$9818,"1",'ریز گزارش ارزی'!$H$8:$H$9818,B89,'ریز گزارش ارزی'!$F$8:$F$9818,C89,'ریز گزارش ارزی'!$G$8:$G$9818,E89) -> 0 | G89: =SUMIFS('ریز گزارش ارزی'!$AD$8:$AD$9818,'ریز گزارش ارزی'!$AD$8:$AD$9818,">0",'ریز گزارش ارزی'!$AF$8:$AF$9818,"2",'ریز گزارش ارزی'!$H$8:$H$9818,B89,'ریز گزارش ارزی'!$F$8:$F$9818,C89,'ریز گزارش ارزی'!$G$8:$G$9818,E89) -> 0
B90: € | C90: Project 2 | D90: پروژه/پرداخت | E90: نصب | F90: =SUMIFS('ریز گزارش ارزی'!$AC$8:$AC$9818,'ریز گزارش ارزی'!$AC$8:$AC$9818,">0",'ریز گزارش ارزی'!$AF$8:$AF$9818,"1",'ریز گزارش ارزی'!$H$8:$H$9818,B90,'ریز گزارش ارزی'!$F$8:$F$9818,C90,'ریز گزارش ارزی'!$G$8:$G$9818,E90) -> 0 | G90: =SUMIFS('ریز گزارش ارزی'!$AD$8:$AD$9818,'ریز گزارش ارزی'!$AD$8:$AD$9818,">0",'ریز گزارش ارزی'!$AF$8:$AF$9818,"2",'ریز گزارش ارزی'!$H$8:$H$9818,B90,'ریز گزارش ارزی'!$F$8:$F$9818,C90,'ریز گزارش ارزی'!$G$8:$G$9818,E90) -> 0
B91: € | C91: Project 2 | D91: پروژه/پرداخت | E91: راه اندازی | F91: =SUMIFS('ریز گزارش ارزی'!$AC$8:$AC$9818,'ریز گزارش ارزی'!$AC$8:$AC$9818,">0",'ریز گزارش ارزی'!$AF$8:$AF$9818,"1",'ریز گزارش ارزی'!$H$8:$H$9818,B91,'ریز گزارش ارزی'!$F$8:$F$9818,C91,'ریز گزارش ارزی'!$G$8:$G$9818,E91) -> 0 | G91: =SUMIFS('ریز گزارش ارزی'!$AD$8:$AD$9818,'ریز گزارش ارزی'!$AD$8:$AD$9818,">0",'ریز گزارش ارزی'!$AF$8:$AF$9818,"2",'ریز گزارش ارزی'!$H$8:$H$9818,B91,'ریز گزارش ارزی'!$F$8:$F$9818,C91,'ریز گزارش ارزی'!$G$8:$G$9818,E91) -> 0
B92: € | C92: Project 2 | D92: پروژه/پرداخت | E92: مکانیکال | F92: =SUMIFS('ریز گزارش ارزی'!$AC$8:$AC$9818,'ریز گزارش ارزی'!$AC$8:$AC$9818,">0",'ریز گزارش ارزی'!$AF$8:$AF$9818,"1",'ریز گزارش ارزی'!$H$8:$H$9818,B92,'ریز گزارش ارزی'!$F$8:$F$9818,C92,'ریز گزارش ارزی'!$G$8:$G$9818,E92) -> 0 | G92: =SUMIFS('ریز گزارش ارزی'!$AD$8:$AD$9818,'ریز گزارش ارزی'!$AD$8:$AD$9818,">0",'ریز گزارش ارزی'!$AF$8:$AF$9818,"2",'ریز گزارش ارزی'!$H$8:$H$9818,B92,'ریز گزارش ارزی'!$F$8:$F$9818,C92,'ریز گزارش ارزی'!$G$8:$G$9818,E92) -> 0
B93: € | C93: Project 2 | D93: پروژه/پرداخت | E93: مهندسی | F93: =SUMIFS('ریز گزارش ارزی'!$AC$8:$AC$9818,'ریز گزارش ارزی'!$AC$8:$AC$9818,">0",'ریز گزارش ارزی'!$AF$8:$AF$9818,"1",'ریز گزارش ارزی'!$H$8:$H$9818,B93,'ریز گزارش ارزی'!$F$8:$F$9818,C93,'ریز گزارش ارزی'!$G$8:$G$9818,E93) -> 0 | G93: =SUMIFS('ریز گزارش ارزی'!$AD$8:$AD$9818,'ریز گزارش ارزی'!$AD$8:$AD$9818,">0",'ریز گزارش ارزی'!$AF$8:$AF$9818,"2",'ریز گزارش ارزی'!$H$8:$H$9818,B93,'ریز گزارش ارزی'!$F$8:$F$9818,C93,'ریز گزارش ارزی'!$G$8:$G$9818,E93) -> 0
B94: € | C94: Project 2 | D94: پروژه/پرداخت | E94: مدیریت | F94: =SUMIFS('ریز گزارش ارزی'!$AC$8:$AC$9818,'ریز گزارش ارزی'!$AC$8:$AC$9818,">0",'ریز گزارش ارزی'!$AF$8:$AF$9818,"1",'ریز گزارش ارزی'!$H$8:$H$9818,B94,'ریز گزارش ارزی'!$F$8:$F$9818,C94,'ریز گزارش ارزی'!$G$8:$G$9818,E94) -> 0 | G94: =SUMIFS('ریز گزارش ارزی'!$AD$8:$AD$9818,'ریز گزارش ارزی'!$AD$8:$AD$9818,">0",'ریز گزارش ارزی'!$AF$8:$AF$9818,"2",'ریز گزارش ارزی'!$H$8:$H$9818,B94,'ریز گزارش ارزی'!$F$8:$F$9818,C94,'ریز گزارش ارزی'!$G$8:$G$9818,E94) -> 0
B95: AED | C95: Project 2 | D95: پروژه/پرداخت | E95: تولید | F95: =SUMIFS('ریز گزارش ارزی'!$AC$8:$AC$9818,'ریز گزارش ارزی'!$AC$8:$AC$9818,">0",'ریز گزارش ارزی'!$AF$8:$AF$9818,"1",'ریز گزارش ارزی'!$H$8:$H$9818,B95,'ریز گزارش ارزی'!$F$8:$F$9818,C95,'ریز گزارش ارزی'!$G$8:$G$9818,E95) -> 193.10345 | G95: =SUMIFS('ریز گزارش ارزی'!$AD$8:$AD$9818,'ریز گزارش ارزی'!$AD$8:$AD$9818,">0",'ریز گزارش ارزی'!$AF$8:$AF$9818,"2",'ریز گزارش ارزی'!$H$8:$H$9818,B95,'ریز گزارش ارزی'!$F$8:$F$9818,C95,'ریز گزارش ارزی'!$G$8:$G$9818,E95) -> 179
B96: AED | C96: Project 2 | D96: پروژه/پرداخت | E96: تامین | F96: =SUMIFS('ریز گزارش ارزی'!$AC$8:$AC$9818,'ریز گزارش ارزی'!$AC$8:$AC$9818,">0",'ریز گزارش ارزی'!$AF$8:$AF$9818,"1",'ریز گزارش ارزی'!$H$8:$H$9818,B96,'ریز گزارش ارزی'!$F$8:$F$9818,C96,'ریز گزارش ارزی'!$G$8:$G$9818,E96) -> 524.1 | G96: =SUMIFS('ریز گزارش ارزی'!$AD$8:$AD$9818,'ریز گزارش ارزی'!$AD$8:$AD$9818,">0",'ریز گزارش ارزی'!$AF$8:$AF$9818,"2",'ریز گزارش ارزی'!$H$8:$H$9818,B96,'ریز گزارش ارزی'!$F$8:$F$9818,C96,'ریز گزارش ارزی'!$G$8:$G$9818,E96) -> 342
B97: AED | C97: Project 2 | D97: پروژه/پرداخت | E97: نصب | F97: =SUMIFS('ریز گزارش ارزی'!$AC$8:$AC$9818,'ریز گزارش ارزی'!$AC$8:$AC$9818,">0",'ریز گزارش ارزی'!$AF$8:$AF$9818,"1",'ریز گزارش ارزی'!$H$8:$H$9818,B97,'ریز گزارش ارزی'!$F$8:$F$9818,C97,'ریز گزارش ارزی'!$G$8:$G$9818,E97) -> 0 | G97: =SUMIFS('ریز گزارش ارزی'!$AD$8:$AD$9818,'ریز گزارش ارزی'!$AD$8:$AD$9818,">0",'ریز گزارش ارزی'!$AF$8:$AF$9818,"2",'ریز گزارش ارزی'!$H$8:$H$9818,B97,'ریز گزارش ارزی'!$F$8:$F$9818,C97,'ریز گزارش ارزی'!$G$8:$G$9818,E97) -> 170
B98: AED | C98: Project 2 | D98: پروژه/پرداخت | E98: راه اندازی | F98: =SUMIFS('ریز گزارش ارزی'!$AC$8:$AC$9818,'ریز گزارش ارزی'!$AC$8:$AC$9818,">0",'ریز گزارش ارزی'!$AF$8:$AF$9818,"1",'ریز گزارش ارزی'!$H$8:$H$9818,B98,'ریز گزارش ارزی'!$F$8:$F$9818,C98,'ریز گزارش ارزی'!$G$8:$G$9818,E98) -> 0 | G98: =SUMIFS('ریز گزارش ارزی'!$AD$8:$AD$9818,'ریز گزارش ارزی'!$AD$8:$AD$9818,">0",'ریز گزارش ارزی'!$AF$8:$AF$9818,"2",'ریز گزارش ارزی'!$H$8:$H$9818,B98,'ریز گزارش ارزی'!$F$8:$F$9818,C98,'ریز گزارش ارزی'!$G$8:$G$9818,E98) -> 0
B99: AED | C99: Project 2 | D99: پروژه/پرداخت | E99: مکانیکال | F99: =SUMIFS('ریز گزارش ارزی'!$AC$8:$AC$9818,'ریز گزارش ارزی'!$AC$8:$AC$9818,">0",'ریز گزارش ارزی'!$AF$8:$AF$9818,"1",'ریز گزارش ارزی'!$H$8:$H$9818,B99,'ریز گزارش ارزی'!$F$8:$F$9818,C99,'ریز گزارش ارزی'!$G$8:$G$9818,E99) -> 0 | G99: =SUMIFS('ریز گزارش ارزی'!$AD$8:$AD$9818,'ریز گزارش ارزی'!$AD$8:$AD$9818,">0",'ریز گزارش ارزی'!$AF$8:$AF$9818,"2",'ریز گزارش ارزی'!$H$8:$H$9818,B99,'ریز گزارش ارزی'!$F$8:$F$9818,C99,'ریز گزارش ارزی'!$G$8:$G$9818,E99) -> 0
... B115: ¥ | C115: Project 2 | D115: پروژه/پرداخت | E115: مدیریت | F115: =SUMIFS('ریز گزارش ارزی'!$AC$8:$AC$9818,'ریز گزارش ارزی'!$AC$8:$AC$9818,">0",'ریز گزارش ارزی'!$AF$8:$AF$9818,"1",'ریز گزارش ارزی'!$H$8:$H$9818,B115,'ریز گزارش ارزی'!$F$8:$F$9818,C115,'ریز گزارش ارزی'!$G$8:$G$9818,E115) -> 0 | G115: =SUMIFS('ریز گزارش ارزی'!$AD$8:$AD$9818,'ریز گزارش ارزی'!$AD$8:$AD$9818,">0",'ریز گزارش ارزی'!$AF$8:$AF$9818,"2",'ریز گزارش ارزی'!$H$8:$H$9818,B115,'ریز گزارش ارزی'!$F$8:$F$9818,C115,'ریز گزارش ارزی'!$G$8:$G$9818,E115) -> 0
B116: € | C116: Project 2 | D116: قرض | E116: تولید | F116: =SUMIFS('ریز گزارش ارزی'!$AC$8:$AC$9818,'ریز گزارش ارزی'!$AC$8:$AC$9818,">0",'ریز گزارش ارزی'!$AF$8:$AF$9818,"4",'ریز گزارش ارزی'!$H$8:$H$9818,B116,'ریز گزارش ارزی'!$F$8:$F$9818,C116,'ریز گزارش ارزی'!$G$8:$G$9818,E116) -> 0 | G116: =SUMIFS('ریز گزارش ارزی'!$AD$8:$AD$9818,'ریز گزارش ارزی'!$AD$8:$AD$9818,">0",'ریز گزارش ارزی'!$AF$8:$AF$9818,"4",'ریز گزارش ارزی'!$H$8:$H$9818,B116,'ریز گزارش ارزی'!$F$8:$F$9818,C116,'ریز گزارش ارزی'!$G$8:$G$9818,E116) -> 0
B117: € | C117: Project 2 | D117: قرض | E117: تامین | F117: =SUMIFS('ریز گزارش ارزی'!$AC$8:$AC$9818,'ریز گزارش ارزی'!$AC$8:$AC$9818,">0",'ریز گزارش ارزی'!$AF$8:$AF$9818,"4",'ریز گزارش ارزی'!$H$8:$H$9818,B117,'ریز گزارش ارزی'!$F$8:$F$9818,C117,'ریز گزارش ارزی'!$G$8:$G$9818,E117) -> 0 | G117: =SUMIFS('ریز گزارش ارزی'!$AD$8:$AD$9818,'ریز گزارش ارزی'!$AD$8:$AD$9818,">0",'ریز گزارش ارزی'!$AF$8:$AF$9818,"4",'ریز گزارش ارزی'!$H$8:$H$9818,B117,'ریز گزارش ارزی'!$F$8:$F$9818,C117,'ریز گزارش ارزی'!$G$8:$G$9818,E117) -> 0
B118: € | C118: Project 2 | D118: قرض | E118: نصب | F118: =SUMIFS('ریز گزارش ارزی'!$AC$8:$AC$9818,'ریز گزارش ارزی'!$AC$8:$AC$9818,">0",'ریز گزارش ارزی'!$AF$8:$AF$9818,"4",'ریز گزارش ارزی'!$H$8:$H$9818,B118,'ریز گزارش ارزی'!$F$8:$F$9818,C118,'ریز گزارش ارزی'!$G$8:$G$9818,E118) -> 0 | G118: =SUMIFS('ریز گزارش ارزی'!$AD$8:$AD$9818,'ریز گزارش ارزی'!$AD$8:$AD$9818,">0",'ریز گزارش ارزی'!$AF$8:$AF$9818,"4",'ریز گزارش ارزی'!$H$8:$H$9818,B118,'ریز گزارش ارزی'!$F$8:$F$9818,C118,'ریز گزارش ارزی'!$G$8:$G$9818,E118) -> 0
B119: € | C119: Project 2 | D119: قرض | E119: راه اندازی | F119: =SUMIFS('ریز گزارش ارزی'!$AC$8:$AC$9818,'ریز گزارش ارزی'!$AC$8:$AC$9818,">0",'ریز گزارش ارزی'!$AF$8:$AF$9818,"4",'ریز گزارش ارزی'!$H$8:$H$9818,B119,'ریز گزارش ارزی'!$F$8:$F$9818,C119,'ریز گزارش ارزی'!$G$8:$G$9818,E119) -> 0 | G119: =SUMIFS('ریز گزارش ارزی'!$AD$8:$AD$9818,'ریز گزارش ارزی'!$AD$8:$AD$9818,">0",'ریز گزارش ارزی'!$AF$8:$AF$9818,"4",'ریز گزارش ارزی'!$H$8:$H$9818,B119,'ریز گزارش ارزی'!$F$8:$F$9818,C119,'ریز گزارش ارزی'!$G$8:$G$9818,E119) -> 0
B120: € | C120: Project 2 | D120: قرض | E120: مکانیکال | F120: =SUMIFS('ریز گزارش ارزی'!$AC$8:$AC$9818,'ریز گزارش ارزی'!$AC$8:$AC$9818,">0",'ریز گزارش ارزی'!$AF$8:$AF$9818,"4",'ریز گزارش ارزی'!$H$8:$H$9818,B120,'ریز گزارش ارزی'!$F$8:$F$9818,C120,'ریز گزارش ارزی'!$G$8:$G$9818,E120) -> 0 | G120: =SUMIFS('ریز گزارش ارزی'!$AD$8:$AD$9818,'ریز گزارش ارزی'!$AD$8:$AD$9818,">0",'ریز گزارش ارزی'!$AF$8:$AF$9818,"4",'ریز گزارش ارزی'!$H$8:$H$9818,B120,'ریز گزارش ارزی'!$F$8:$F$9818,C120,'ریز گزارش ارزی'!$G$8:$G$9818,E120) -> 0
B121: € | C121: Project 2 | D121: قرض | E121: مهندسی | F121: =SUMIFS('ریز گزارش ارزی'!$AC$8:$AC$9818,'ریز گزارش ارزی'!$AC$8:$AC$9818,">0",'ریز گزارش ارزی'!$AF$8:$AF$9818,"4",'ریز گزارش ارزی'!$H$8:$H$9818,B121,'ریز گزارش ارزی'!$F$8:$F$9818,C121,'ریز گزارش ارزی'!$G$8:$G$9818,E121) -> 0 | G121: =SUMIFS('ریز گزارش ارزی'!$AD$8:$AD$9818,'ریز گزارش ارزی'!$AD$8:$AD$9818,">0",'ریز گزارش ارزی'!$AF$8:$AF$9818,"4",'ریز گزارش ارزی'!$H$8:$H$9818,B121,'ریز گزارش ارزی'!$F$8:$F$9818,C121,'ریز گزارش ارزی'!$G$8:$G$9818,E121) -> 0
B122: € | C122: Project 2 | D122: قرض | E122: مدیریت | F122: =SUMIFS('ریز گزارش ارزی'!$AC$8:$AC$9818,'ریز گزارش ارزی'!$AC$8:$AC$9818,">0",'ریز گزارش ارزی'!$AF$8:$AF$9818,"4",'ریز گزارش ارزی'!$H$8:$H$9818,B122,'ریز گزارش ارزی'!$F$8:$F$9818,C122,'ریز گزارش ارزی'!$G$8:$G$9818,E122) -> 0 | G122: =SUMIFS('ریز گزارش ارزی'!$AD$8:$AD$9818,'ریز گزارش ارزی'!$AD$8:$AD$9818,">0",'ریز گزارش ارزی'!$AF$8:$AF$9818,"4",'ریز گزارش ارزی'!$H$8:$H$9818,B122,'ریز گزارش ارزی'!$F$8:$F$9818,C122,'ریز گزارش ارزی'!$G$8:$G$9818,E122) -> 0
B123: AED | C123: Project 2 | D123: قرض | E123: تولید | F123: =SUMIFS('ریز گزارش ارزی'!$AC$8:$AC$9818,'ریز گزارش ارزی'!$AC$8:$AC$9818,">0",'ریز گزارش ارزی'!$AF$8:$AF$9818,"4",'ریز گزارش ارزی'!$H$8:$H$9818,B123,'ریز گزارش ارزی'!$F$8:$F$9818,C123,'ریز گزارش ارزی'!$G$8:$G$9818,E123) -> 0 | G123: =SUMIFS('ریز گزارش ارزی'!$AD$8:$AD$9818,'ریز گزارش ارزی'!$AD$8:$AD$9818,">0",'ریز گزارش ارزی'!$AF$8:$AF$9818,"4",'ریز گزارش ارزی'!$H$8:$H$9818,B123,'ریز گزارش ارزی'!$F$8:$F$9818,C123,'ریز گزارش ارزی'!$G$8:$G$9818,E123) -> 7
B124: AED | C124: Project 2 | D124: قرض | E124: تامین | F124: =SUMIFS('ریز گزارش ارزی'!$AC$8:$AC$9818,'ریز گزارش ارزی'!$AC$8:$AC$9818,">0",'ریز گزارش ارزی'!$AF$8:$AF$9818,"4",'ریز گزارش ارزی'!$H$8:$H$9818,B124,'ریز گزارش ارزی'!$F$8:$F$9818,C124,'ریز گزارش ارزی'!$G$8:$G$9818,E124) -> 0 | G124: =SUMIFS('ریز گزارش ارزی'!$AD$8:$AD$9818,'ریز گزارش ارزی'!$AD$8:$AD$9818,">0",'ریز گزارش ارزی'!$AF$8:$AF$9818,"4",'ریز گزارش ارزی'!$H$8:$H$9818,B124,'ریز گزارش ارزی'!$F$8:$F$9818,C124,'ریز گزارش ارزی'!$G$8:$G$9818,E124) -> 170
B125: AED | C125: Project 2 | D125: قرض | E125: نصب | F125: =SUMIFS('ریز گزارش ارزی'!$AC$8:$AC$9818,'ریز گزارش ارزی'!$AC$8:$AC$9818,">0",'ریز گزارش ارزی'!$AF$8:$AF$9818,"4",'ریز گزارش ارزی'!$H$8:$H$9818,B125,'ریز گزارش ارزی'!$F$8:$F$9818,C125,'ریز گزارش ارزی'!$G$8:$G$9818,E125) -> 170 | G125: =SUMIFS('ریز گزارش ارزی'!$AD$8:$AD$9818,'ریز گزارش ارزی'!$AD$8:$AD$9818,">0",'ریز گزارش ارزی'!$AF$8:$AF$9818,"4",'ریز گزارش ارزی'!$H$8:$H$9818,B125,'ریز گزارش ارزی'!$F$8:$F$9818,C125,'ریز گزارش ارزی'!$G$8:$G$9818,E125) -> 0
B126: AED | C126: Project 2 | D126: قرض | E126: راه اندازی | F126: =SUMIFS('ریز گزارش ارزی'!$AC$8:$AC$9818,'ریز گزارش ارزی'!$AC$8:$AC$9818,">0",'ریز گزارش ارزی'!$AF$8:$AF$9818,"4",'ریز گزارش ارزی'!$H$8:$H$9818,B126,'ریز گزارش ارزی'!$F$8:$F$9818,C126,'ریز گزارش ارزی'!$G$8:$G$9818,E126) -> 0 | G126: =SUMIFS('ریز گزارش ارزی'!$AD$8:$AD$9818,'ریز گزارش ارزی'!$AD$8:$AD$9818,">0",'ریز گزارش ارزی'!$AF$8:$AF$9818,"4",'ریز گزارش ارزی'!$H$8:$H$9818,B126,'ریز گزارش ارزی'!$F$8:$F$9818,C126,'ریز گزارش ارزی'!$G$8:$G$9818,E126) -> 0
B127: AED | C127: Project 2 | D127: قرض | E127: مکانیکال | F127: =SUMIFS('ریز گزارش ارزی'!$AC$8:$AC$9818,'ریز گزارش ارزی'!$AC$8:$AC$9818,">0",'ریز گزارش ارزی'!$AF$8:$AF$9818,"4",'ریز گزارش ارزی'!$H$8:$H$9818,B127,'ریز گزارش ارزی'!$F$8:$F$9818,C127,'ریز گزارش ارزی'!$G$8:$G$9818,E127) -> 0 | G127: =SUMIFS('ریز گزارش ارزی'!$AD$8:$AD$9818,'ریز گزارش ارزی'!$AD$8:$AD$9818,">0",'ریز گزارش ارزی'!$AF$8:$AF$9818,"4",'ریز گزارش ارزی'!$H$8:$H$9818,B127,'ریز گزارش ارزی'!$F$8:$F$9818,C127,'ریز گزارش ارزی'!$G$8:$G$9818,E127) -> 0
... B143: ¥ | C143: Project 2 | D143: قرض | E143: مدیریت | F143: =SUMIFS('ریز گزارش ارزی'!$AC$8:$AC$9818,'ریز گزارش ارزی'!$AC$8:$AC$9818,">0",'ریز گزارش ارزی'!$AF$8:$AF$9818,"4",'ریز گزارش ارزی'!$H$8:$H$9818,B143,'ریز گزارش ارزی'!$F$8:$F$9818,C143,'ریز گزارش ارزی'!$G$8:$G$9818,E143) -> 0 | G143: =SUMIFS('ریز گزارش ارزی'!$AD$8:$AD$9818,'ریز گزارش ارزی'!$AD$8:$AD$9818,">0",'ریز گزارش ارزی'!$AF$8:$AF$9818,"4",'ریز گزارش ارزی'!$H$8:$H$9818,B143,'ریز گزارش ارزی'!$F$8:$F$9818,C143,'ریز گزارش ارزی'!$G$8:$G$9818,E143) -> 0
B144: € | C144: Project 2 | D144: عودت قرض | E144: تولید | F144: =SUMIFS('ریز گزارش ارزی'!$AC$8:$AC$9818,'ریز گزارش ارزی'!$AC$8:$AC$9818,">0",'ریز گزارش ارزی'!$AF$8:$AF$9818,"5",'ریز گزارش ارزی'!$H$8:$H$9818,B144,'ریز گزارش ارزی'!$F$8:$F$9818,C144,'ریز گزارش ارزی'!$G$8:$G$9818,E144) -> 0 | G144: =SUMIFS('ریز گزارش ارزی'!$AD$8:$AD$9818,'ریز گزارش ارزی'!$AD$8:$AD$9818,">0",'ریز گزارش ارزی'!$AF$8:$AF$9818,"5",'ریز گزارش ارزی'!$H$8:$H$9818,B144,'ریز گزارش ارزی'!$F$8:$F$9818,C144,'ریز گزارش ارزی'!$G$8:$G$9818,E144) -> 0
B145: € | C145: Project 2 | D145: عودت قرض | E145: تامین | F145: =SUMIFS('ریز گزارش ارزی'!$AC$8:$AC$9818,'ریز گزارش ارزی'!$AC$8:$AC$9818,">0",'ریز گزارش ارزی'!$AF$8:$AF$9818,"5",'ریز گزارش ارزی'!$H$8:$H$9818,B145,'ریز گزارش ارزی'!$F$8:$F$9818,C145,'ریز گزارش ارزی'!$G$8:$G$9818,E145) -> 0 | G145: =SUMIFS('ریز گزارش ارزی'!$AD$8:$AD$9818,'ریز گزارش ارزی'!$AD$8:$AD$9818,">0",'ریز گزارش ارزی'!$AF$8:$AF$9818,"5",'ریز گزارش ارزی'!$H$8:$H$9818,B145,'ریز گزارش ارزی'!$F$8:$F$9818,C145,'ریز گزارش ارزی'!$G$8:$G$9818,E145) -> 0
B146: € | C146: Project 2 | D146: عودت قرض | E146: نصب | F146: =SUMIFS('ریز گزارش ارزی'!$AC$8:$AC$9818,'ریز گزارش ارزی'!$AC$8:$AC$9818,">0",'ریز گزارش ارزی'!$AF$8:$AF$9818,"5",'ریز گزارش ارزی'!$H$8:$H$9818,B146,'ریز گزارش ارزی'!$F$8:$F$9818,C146,'ریز گزارش ارزی'!$G$8:$G$9818,E146) -> 0 | G146: =SUMIFS('ریز گزارش ارزی'!$AD$8:$AD$9818,'ریز گزارش ارزی'!$AD$8:$AD$9818,">0",'ریز گزارش ارزی'!$AF$8:$AF$9818,"5",'ریز گزارش ارزی'!$H$8:$H$9818,B146,'ریز گزارش ارزی'!$F$8:$F$9818,C146,'ریز گزارش ارزی'!$G$8:$G$9818,E146) -> 0
B147: € | C147: Project 2 | D147: عودت قرض | E147: راه اندازی | F147: =SUMIFS('ریز گزارش ارزی'!$AC$8:$AC$9818,'ریز گزارش ارزی'!$AC$8:$AC$9818,">0",'ریز گزارش ارزی'!$AF$8:$AF$9818,"5",'ریز گزارش ارزی'!$H$8:$H$9818,B147,'ریز گزارش ارزی'!$F$8:$F$9818,C147,'ریز گزارش ارزی'!$G$8:$G$9818,E147) -> 0 | G147: =SUMIFS('ریز گزارش ارزی'!$AD$8:$AD$9818,'ریز گزارش ارزی'!$AD$8:$AD$9818,">0",'ریز گزارش ارزی'!$AF$8:$AF$9818,"5",'ریز گزارش ارزی'!$H$8:$H$9818,B147,'ریز گزارش ارزی'!$F$8:$F$9818,C147,'ریز گزارش ارزی'!$G$8:$G$9818,E147) -> 0
B148: € | C148: Project 2 | D148: عودت قرض | E148: مکانیکال | F148: =SUMIFS('ریز گزارش ارزی'!$AC$8:$AC$9818,'ریز گزارش ارزی'!$AC$8:$AC$9818,">0",'ریز گزارش ارزی'!$AF$8:$AF$9818,"5",'ریز گزارش ارزی'!$H$8:$H$9818,B148,'ریز گزارش ارزی'!$F$8:$F$9818,C148,'ریز گزارش ارزی'!$G$8:$G$9818,E148) -> 0 | G148: =SUMIFS('ریز گزارش ارزی'!$AD$8:$AD$9818,'ریز گزارش ارزی'!$AD$8:$AD$9818,">0",'ریز گزارش ارزی'!$AF$8:$AF$9818,"5",'ریز گزارش ارزی'!$H$8:$H$9818,B148,'ریز گزارش ارزی'!$F$8:$F$9818,C148,'ریز گزارش ارزی'!$G$8:$G$9818,E148) -> 0
B149: € | C149: Project 2 | D149: عودت قرض | E149: مهندسی | F149: =SUMIFS('ریز گزارش ارزی'!$AC$8:$AC$9818,'ریز گزارش ارزی'!$AC$8:$AC$9818,">0",'ریز گزارش ارزی'!$AF$8:$AF$9818,"5",'ریز گزارش ارزی'!$H$8:$H$9818,B149,'ریز گزارش ارزی'!$F$8:$F$9818,C149,'ریز گزارش ارزی'!$G$8:$G$9818,E149) -> 0 | G149: =SUMIFS('ریز گزارش ارزی'!$AD$8:$AD$9818,'ریز گزارش ارزی'!$AD$8:$AD$9818,">0",'ریز گزارش ارزی'!$AF$8:$AF$9818,"5",'ریز گزارش ارزی'!$H$8:$H$9818,B149,'ریز گزارش ارزی'!$F$8:$F$9818,C149,'ریز گزارش ارزی'!$G$8:$G$9818,E149) -> 0
B150: € | C150: Project 2 | D150: عودت قرض | E150: مدیریت | F150: =SUMIFS('ریز گزارش ارزی'!$AC$8:$AC$9818,'ریز گزارش ارزی'!$AC$8:$AC$9818,">0",'ریز گزارش ارزی'!$AF$8:$AF$9818,"5",'ریز گزارش ارزی'!$H$8:$H$9818,B150,'ریز گزارش ارزی'!$F$8:$F$9818,C150,'ریز گزارش ارزی'!$G$8:$G$9818,E150) -> 0 | G150: =SUMIFS('ریز گزارش ارزی'!$AD$8:$AD$9818,'ریز گزارش ارزی'!$AD$8:$AD$9818,">0",'ریز گزارش ارزی'!$AF$8:$AF$9818,"5",'ریز گزارش ارزی'!$H$8:$H$9818,B150,'ریز گزارش ارزی'!$F$8:$F$9818,C150,'ریز گزارش ارزی'!$G$8:$G$9818,E150) -> 0
B151: AED | C151: Project 2 | D151: عودت قرض | E151: تولید | F151: =SUMIFS('ریز گزارش ارزی'!$AC$8:$AC$9818,'ریز گزارش ارزی'!$AC$8:$AC$9818,">0",'ریز گزارش ارزی'!$AF$8:$AF$9818,"5",'ریز گزارش ارزی'!$H$8:$H$9818,B151,'ریز گزارش ارزی'!$F$8:$F$9818,C151,'ریز گزارش ارزی'!$G$8:$G$9818,E151) -> 0 | G151: =SUMIFS('ریز گزارش ارزی'!$AD$8:$AD$9818,'ریز گزارش ارزی'!$AD$8:$AD$9818,">0",'ریز گزارش ارزی'!$AF$8:$AF$9818,"5",'ریز گزارش ارزی'!$H$8:$H$9818,B151,'ریز گزارش ارزی'!$F$8:$F$9818,C151,'ریز گزارش ارزی'!$G$8:$G$9818,E151) -> 0
B152: AED | C152: Project 2 | D152: عودت قرض | E152: تامین | F152: =SUMIFS('ریز گزارش ارزی'!$AC$8:$AC$9818,'ریز گزارش ارزی'!$AC$8:$AC$9818,">0",'ریز گزارش ارزی'!$AF$8:$AF$9818,"5",'ریز گزارش ارزی'!$H$8:$H$9818,B152,'ریز گزارش ارزی'!$F$8:$F$9818,C152,'ریز گزارش ارزی'!$G$8:$G$9818,E152) -> 0 | G152: =SUMIFS('ریز گزارش ارزی'!$AD$8:$AD$9818,'ریز گزارش ارزی'!$AD$8:$AD$9818,">0",'ریز گزارش ارزی'!$AF$8:$AF$9818,"5",'ریز گزارش ارزی'!$H$8:$H$9818,B152,'ریز گزارش ارزی'!$F$8:$F$9818,C152,'ریز گزارش ارزی'!$G$8:$G$9818,E152) -> 0
B153: AED | C153: Project 2 | D153: عودت قرض | E153: نصب | F153: =SUMIFS('ریز گزارش ارزی'!$AC$8:$AC$9818,'ریز گزارش ارزی'!$AC$8:$AC$9818,">0",'ریز گزارش ارزی'!$AF$8:$AF$9818,"5",'ریز گزارش ارزی'!$H$8:$H$9818,B153,'ریز گزارش ارزی'!$F$8:$F$9818,C153,'ریز گزارش ارزی'!$G$8:$G$9818,E153) -> 0 | G153: =SUMIFS('ریز گزارش ارزی'!$AD$8:$AD$9818,'ریز گزارش ارزی'!$AD$8:$AD$9818,">0",'ریز گزارش ارزی'!$AF$8:$AF$9818,"5",'ریز گزارش ارزی'!$H$8:$H$9818,B153,'ریز گزارش ارزی'!$F$8:$F$9818,C153,'ریز گزارش ارزی'!$G$8:$G$9818,E153) -> 0
B154: AED | C154: Project 2 | D154: عودت قرض | E154: راه اندازی | F154: =SUMIFS('ریز گزارش ارزی'!$AC$8:$AC$9818,'ریز گزارش ارزی'!$AC$8:$AC$9818,">0",'ریز گزارش ارزی'!$AF$8:$AF$9818,"5",'ریز گزارش ارزی'!$H$8:$H$9818,B154,'ریز گزارش ارزی'!$F$8:$F$9818,C154,'ریز گزارش ارزی'!$G$8:$G$9818,E154) -> 0 | G154: =SUMIFS('ریز گزارش ارزی'!$AD$8:$AD$9818,'ریز گزارش ارزی'!$AD$8:$AD$9818,">0",'ریز گزارش ارزی'!$AF$8:$AF$9818,"5",'ریز گزارش ارزی'!$H$8:$H$9818,B154,'ریز گزارش ارزی'!$F$8:$F$9818,C154,'ریز گزارش ارزی'!$G$8:$G$9818,E154) -> 0
B155: AED | C155: Project 2 | D155: عودت قرض | E155: مکانیکال | F155: =SUMIFS('ریز گزارش ارزی'!$AC$8:$AC$9818,'ریز گزارش ارزی'!$AC$8:$AC$9818,">0",'ریز گزارش ارزی'!$AF$8:$AF$9818,"5",'ریز گزارش ارزی'!$H$8:$H$9818,B155,'ریز گزارش ارزی'!$F$8:$F$9818,C155,'ریز گزارش ارزی'!$G$8:$G$9818,E155) -> 0 | G155: =SUMIFS('ریز گزارش ارزی'!$AD$8:$AD$9818,'ریز گزارش ارزی'!$AD$8:$AD$9818,">0",'ریز گزارش ارزی'!$AF$8:$AF$9818,"5",'ریز گزارش ارزی'!$H$8:$H$9818,B155,'ریز گزارش ارزی'!$F$8:$F$9818,C155,'ریز گزارش ارزی'!$G$8:$G$9818,E155) -> 0
... B171: ¥ | C171: Project 2 | D171: عودت قرض | E171: مدیریت | F171: =SUMIFS('ریز گزارش ارزی'!$AC$8:$AC$9818,'ریز گزارش ارزی'!$AC$8:$AC$9818,">0",'ریز گزارش ارزی'!$AF$8:$AF$9818,"5",'ریز گزارش ارزی'!$H$8:$H$9818,B171,'ریز گزارش ارزی'!$F$8:$F$9818,C171,'ریز گزارش ارزی'!$G$8:$G$9818,E171) -> 0 | G171: =SUMIFS('ریز گزارش ارزی'!$AD$8:$AD$9818,'ریز گزارش ارزی'!$AD$8:$AD$9818,">0",'ریز گزارش ارزی'!$AF$8:$AF$9818,"5",'ریز گزارش ارزی'!$H$8:$H$9818,B171,'ریز گزارش ارزی'!$F$8:$F$9818,C171,'ریز گزارش ارزی'!$G$8:$G$9818,E171) -> 0

Sheet ریز گزارش ارزی
C2: راهنما | D2: ثبت دریافتی از کارفرما | F2: تاریخ کنترل با گردش بانک:
D3: ثبت پرداخت | F3: واکا بیانگر واحد کسب و کار است که مدنظر هر واحد در یک پروژه است.
F4: موارد ستاره‌دار در فرمول نقدینگی قرار می‌گیرند.
F6: * | G6: * | H6: * | AC6: * | AD6: * | AF6: *
A7: ثبت کننده | B7: شماره قرارداد | C7: شماره ابلاغ | D7: شماره صورت وضعیت | E7: کد پرونده | F7: کد پروژه | G7: واکا | H7: ارز | I7: تاریخ دریافت/پرداخت (بانک) | J7: تاریخ پرداخت به وندور (میلادی) | K7: تاریخ پرداخت به وندور (شمسی) | L7: دریافتی از کارفرما | M7: معادل یورویی دریافتی از کارفرما | N7: معادل ریالی دریافت/پرداخت | O7: ارز 1 | P7: نرخ ارز 1 | Q7: ارز 2 | R7: نرخ ارز 2 | S7: توضیحات نرخ ارز و معادل ریالی | T7: درصد پروژه | U7: سهم پروژه | V7: سهم بالاسری از پروژه | W7: شماره درخواست پنل | X7: تاریخ درخواست پرداخت | Y7: مبلغ درخواست پرداخت در پنل | Z7: ارز درخواستی پنل | AA7: نام شرکت | AB7: شماره نامه درخواست به بانک | AC7: مبلغ واریز به پروژه | AD7: مبلغ برداشت از پروژه | AE7: شرح | AF7: کد عنوان تراکنش | AG7: عنوان تراکنش | AH7: درصد کارمزد بانکی | AI7: درصد مواد | AJ7: درصد تولید | AK7: اصلاح درصد بالاسری تولید | AL7: انتقال از تامین به تولید | AM7: سهم بالاسری از تولید | AN7: سهم تولید | AO7: واکای طرف قرض | AP7: کد پروژه طرف قرض | AQ7: هزینه کرد | AR7: عنوان دریافت/پرداخت راهکاران | AS7: شماره سند راهکاران | AU7: راهنما | AV7: 1 | AW7: سهم پروژه | AY7: ارز
A8: مریم رضائی | F8: Project 1 | G8: تامین | H8: € | I8: 1404/05/24 | L8: 521 | O8: AED | Q8: € | T8: 0.87 | U8: =L8*T8 -> 453.27 | V8: =L8-U8 -> 67.73 | AC8: =U8 -> 453.27 | AD8: 0 | AE8: سهم پروژه | AF8: 1 | AG8: =IF(ISNUMBER(SEARCH("عودت قرض", AE8)),"عودت قرض",IF(ISNUMBER(SEARCH("قرض", AE8)),"قرض",IF(ISNUMBER(SEARCH("کارمزد بانکی", AE8)),"کارمزد بانکی",IF(ISNUMBER(SEARCH("سهم پروژه", AE8)),"سهم پروژه",IF(ISNUMBER(SEARCH("سهم بالاسری", AE8)),"ستاد",IF(ISNUMBER(SEARCH("پرداخت", AE8)),"پرداخت","-")))))) -> سهم پروژه | AK8: =IF(AJ8>0,(AI8-AJ8)/AI8,0) -> 0 | AM8: =IF(AL8>0,AL8*AK8,0) -> 0 | AN8: =AL8-AM8 -> 0 | AV8: 2 | AW8: پرداخت و کارمزد بانکی | AY8: $
A9: مریم رضائی | B9: 433 | C9: - | D9: - | E9: FE04168 | F9: Project 1 | G9: مهندسی | H9: € | I9: 1404/05/25 | J9: 45888 | L9: 600 | N9: =IF(P9>0,L9*P9,R9*L9) -> 634176600 | O9: AED | P9: 0 | Q9: € | R9: 1056961 | S9: نرخ ارز در روز پرداخت | T9: 1 | U9: =L9*T9 -> 600 | V9: =L9-U9 -> 0 | AA9: کارفرما 1 | AC9: =U9 -> 600 | AD9: 0 | AE9: سهم پروژه | AF9: 1 | AG9: =IF(ISNUMBER(SEARCH("عودت قرض", AE9)),"عودت قرض",IF(ISNUMBER(SEARCH("قرض", AE9)),"قرض",IF(ISNUMBER(SEARCH("کارمزد بانکی", AE9)),"کارمزد بانکی",IF(ISNUMBER(SEARCH("سهم پروژه", AE9)),"سهم پروژه",IF(ISNUMBER(SEARCH("سهم بالاسری", AE9)),"ستاد",IF(ISNUMBER(SEARCH("پرداخت", AE9)),"پرداخت","-")))))) -> سهم پروژه | AK9: =IF(AJ9>0,(AI9-AJ9)/AI9,0) -> 0 | AM9: =IF(AL9>0,AL9*AK9,0) -> 0 | AN9: =AL9-AM9 -> 0 | AR9: پیش دریافت | AV9: 3 | AW9: بالاسری | AY9: ¥
A10: مریم رضائی | E10: FP03290 | F10: Project 1 | G10: تولید | H10: € | I10: 1404/06/09 | N10: =P10*AD10 -> 3680911 | O10: AED | P10: 283147 | Q10: € | U10: =L10*T10 -> 0 | V10: =L10-U10 -> 0 | W10: 19259 | Y10: 228512 | Z10: € | AA10: کارفرما 2 | AC10: 0 | AD10: 13 | AE10: پرداخت ارزی | AF10: 2 | AG10: =IF(ISNUMBER(SEARCH("عودت قرض", AE10)),"عودت قرض",IF(ISNUMBER(SEARCH("قرض", AE10)),"قرض",IF(ISNUMBER(SEARCH("کارمزد بانکی", AE10)),"کارمزد بانکی",IF(ISNUMBER(SEARCH("سهم پروژه", AE10)),"سهم پروژه",IF(ISNUMBER(SEARCH("سهم بالاسری", AE10)),"ستاد",IF(ISNUMBER(SEARCH("پرداخت", AE10)),"پرداخت","-")))))) -> پرداخت | AK10: =IF(AJ10>0,(AI10-AJ10)/AI10,0) -> 0 | AM10: =IF(AL10>0,AL10*AK10,0) -> 0 | AN10: =AL10-AM10 -> 0 | AV10: 4 | AW10: قرض | AY10: €
A11: مریم رضائی | F11: Project 1 | G11: تامین | H11: € | I11: 1404/07/21 | O11: AED | Q11: € | U11: =L11*T11 -> 0 | V11: =L11-U11 -> 0 | AA11: کارفرما 2 | AC11: 0 | AD11: 13 | AE11: انتقال از تامین Project 1 به تولید این پروژه | AF11: 2 | AG11: انتقال بین SBU | AK11: =IF(AJ11>0,(AI11-AJ11)/AI11,0) -> 0 | AM11: =IF(AL11>0,AL11*AK11,0) -> 0 | AN11: =AL11-AM11 -> 0
A12: مریم رضائی | F12: Project 1 | G12: تولید | H12: € | I12: 1404/07/21 | O12: AED | Q12: € | U12: =L12*T12 -> 0 | V12: =L12-U12 -> 0 | AA12: کارفرما 2 | AC12: 13 | AD12: 0 | AE12: انتقال از تامین Project 1 به تولید این پروژه | AF12: 1 | AG12: انتقال بین SBU | AK12: =IF(AJ12>0,(AI12-AJ12)/AI12,0) -> 0 | AM12: =IF(AL12>0,AL12*AK12,0) -> 0 | AN12: =AL12-AM12 -> 0
A13: مریم رضائی | F13: Project 1 | G13: تامین | H13: € | I13: 1404/07/22 | O13: AED | Q13: € | U13: =L13*T13 -> 0 | V13: =L13-U13 -> 0 | AC13: 0 | AD13: 5 | AE13: پرداخت ارزی | AF13: 2 | AG13: =IF(ISNUMBER(SEARCH("عودت قرض", AE13)),"عودت قرض",IF(ISNUMBER(SEARCH("قرض", AE13)),"قرض",IF(ISNUMBER(SEARCH("کارمزد بانکی", AE13)),"کارمزد بانکی",IF(ISNUMBER(SEARCH("سهم پروژه", AE13)),"سهم پروژه",IF(ISNUMBER(SEARCH("سهم بالاسری", AE13)),"ستاد",IF(ISNUMBER(SEARCH("پرداخت", AE13)),"پرداخت","-")))))) -> پرداخت | AK13: =IF(AJ13>0,(AI13-AJ13)/AI13,0) -> 0 | AM13: =IF(AL13>0,AL13*AK13,0) -> 0 | AN13: =AL13-AM13 -> 0
A14: مریم رضائی | F14: Project 1 | G14: مهندسی | H14: € | I14: 1404/07/22 | O14: AED | Q14: € | U14: =L14*T14 -> 0 | V14: =L14-U14 -> 0 | AC14: 0 | AD14: 23 | AE14: پرداخت ارزی | AF14: 2 | AG14: =IF(ISNUMBER(SEARCH("عودت قرض", AE14)),"عودت قرض",IF(ISNUMBER(SEARCH("قرض", AE14)),"قرض",IF(ISNUMBER(SEARCH("کارمزد بانکی", AE14)),"کارمزد بانکی",IF(ISNUMBER(SEARCH("سهم پروژه", AE14)),"سهم پروژه",IF(ISNUMBER(SEARCH("سهم بالاسری", AE14)),"ستاد",IF(ISNUMBER(SEARCH("پرداخت", AE14)),"پرداخت","-")))))) -> پرداخت | AK14: =IF(AJ14>0,(AI14-AJ14)/AI14,0) -> 0 | AM14: =IF(AL14>0,AL14*AK14,0) -> 0 | AN14: =AL14-AM14 -> 0
A15: مریم رضائی | B15: 312 | C15: - | D15: - | E15: - | F15: Project 2 | G15: تامین | H15: AED | I15: 1404/07/23 | L15: 530 | M15: =L15/4.26 -> 124.41315 | N15: =IF(P15>0,L15*P15,M15*R15) -> 1.5357832e+08 | O15: AED | Q15: € | R15: 1234422 | S15: نرخ ارز در روز پرداخت | T15: 0.87 | U15: =L15*T15 -> 461.1 | V15: =L15-U15 -> 68.9 | AA15: کارفرما 1 | AC15: =U15 -> 461.1 | AD15: 0 | AE15: سهم پروژه | AF15: 1 | AG15: =IF(ISNUMBER(SEARCH("عودت قرض", AE15)),"عودت قرض",IF(ISNUMBER(SEARCH("قرض", AE15)),"قرض",IF(ISNUMBER(SEARCH("کارمزد بانکی", AE15)),"کارمزد بانکی",IF(ISNUMBER(SEARCH("سهم پروژه", AE15)),"سهم پروژه",IF(ISNUMBER(SEARCH("سهم بالاسری", AE15)),"ستاد",IF(ISNUMBER(SEARCH("پرداخت", AE15)),"پرداخت","-")))))) -> سهم پروژه | AK15: =IF(AJ15>0,(AI15-AJ15)/AI15,0) -> 0 | AM15: =IF(AL15>0,AL15*AK15,0) -> 0 | AN15: =AL15-AM15 -> 0 | AR15: -
A16: مریم رضائی | B16: 312 | C16: - | D16: - | E16: - | F16: Project 2 | G16: تامین | H16: ¥ | I16: 1404/08/10 | L16: 370 | M16: =L16/4.26 -> 86.85446 | N16: =IF(P16>0,L16*P16,M16*R16) -> 0 | O16: AED | Q16: € | S16: نرخ ارز در روز پرداخت | T16: 0.87 | U16: =L16*T16 -> 321.9 | V16: =L16-U16 -> 48.1 | AA16: کارفرما 1 | AC16: =U16 -> 321.9 | AD16: 0 | AE16: سهم پروژه | AF16: 1 | AG16: =IF(ISNUMBER(SEARCH("عودت قرض", AE16)),"عودت قرض",IF(ISNUMBER(SEARCH("قرض", AE16)),"قرض",IF(ISNUMBER(SEARCH("کارمزد بانکی", AE16)),"کارمزد بانکی",IF(ISNUMBER(SEARCH("سهم پروژه", AE16)),"سهم پروژه",IF(ISNUMBER(SEARCH("سهم بالاسری", AE16)),"ستاد",IF(ISNUMBER(SEARCH("پرداخت", AE16)),"پرداخت","-")))))) -> سهم پروژه | AK16: =IF(AJ16>0,(AI16-AJ16)/AI16,0) -> 0 | AM16: =IF(AL16>0,AL16*AK16,0) -> 0 | AN16: =AL16-AM16 -> 0 | AR16: -
A17: مریم رضائی | B17: 312 | C17: - | D17: - | E17: - | F17: Project 2 | G17: تامین | H17: $ | I17: 1404/08/10 | L17: 960 | M17: =L17/4.26 -> 225.35211 | N17: =IF(P17>0,L17*P17,M17*R17) -> 0 | O17: AED | Q17: € | S17: نرخ ارز در روز پرداخت | T17: 0.87 | U17: =L17*T17 -> 835.2 | V17: =L17-U17 -> 124.8 | AA17: کارفرما 1 | AC17: =U17 -> 835.2 | AD17: 0 | AE17: سهم پروژه | AF17: 1 | AG17: =IF(ISNUMBER(SEARCH("عودت قرض", AE17)),"عودت قرض",IF(ISNUMBER(SEARCH("قرض", AE17)),"قرض",IF(ISNUMBER(SEARCH("کارمزد بانکی", AE17)),"کارمزد بانکی",IF(ISNUMBER(SEARCH("سهم پروژه", AE17)),"سهم پروژه",IF(ISNUMBER(SEARCH("سهم بالاسری", AE17)),"ستاد",IF(ISNUMBER(SEARCH("پرداخت", AE17)),"پرداخت","-")))))) -> سهم پروژه | AK17: =IF(AJ17>0,(AI17-AJ17)/AI17,0) -> 0 | AM17: =IF(AL17>0,AL17*AK17,0) -> 0 | AN17: =AL17-AM17 -> 0 | AR17: -
A18: مریم رضائی | B18: 516 | C18: - | D18: - | E18: FB04167 | F18: Project 1 | G18: مکانیکال | H18: AED | I18: 1404/08/10 | L18: 290 | M18: =L18/4.26 -> 68.075117 | N18: =IF(P18>0,L18*P18,M18*R18) -> 82389204 | O18: AED | Q18: € | R18: 1210269 | S18: نرخ ارز در روز پرداخت | T18: 0.88 | U18: =L18*T18 -> 255.2 | V18: =L18-U18 -> 34.8 | AA18: کارفرما 1 | AC18: =U18 -> 255.2 | AD18: 0 | AE18: سهم پروژه | AF18: 1 | AG18: =IF(ISNUMBER(SEARCH("عودت قرض", AE18)),"عودت قرض",IF(ISNUMBER(SEARCH("قرض", AE18)),"قرض",IF(ISNUMBER(SEARCH("کارمزد بانکی", AE18)),"کارمزد بانکی",IF(ISNUMBER(SEARCH("سهم پروژه", AE18)),"سهم پروژه",IF(ISNUMBER(SEARCH("سهم بالاسری", AE18)),"ستاد",IF(ISNUMBER(SEARCH("پرداخت", AE18)),"پرداخت","-")))))) -> سهم پروژه | AK18: =IF(AJ18>0,(AI18-AJ18)/AI18,0) -> 0 | AM18: =IF(AL18>0,AL18*AK18,0) -> 0 | AN18: =AL18-AM18 -> 0 | AR18: پیش دریافت
A19: مریم رضائی | B19: 783 | C19: - | D19: - | E19: FB04170 | F19: Project 1 | G19: تامین | H19: AED | I19: 1404/08/10 | L19: 870 | M19: =L19/4.26 -> 204.22535 | N19: =IF(P19>0,L19*P19,M19*R19) -> 2.4716761e+08 | O19: AED | Q19: € | R19: 1210269 | S19: نرخ ارز در روز پرداخت | T19: 0.88 | U19: =L19*T19 -> 765.6 | V19: =L19-U19 -> 104.4 | AA19: کارفرما 1 | AC19: =U19 -> 765.6 | AD19: 0 | AE19: سهم پروژه | AF19: 1 | AG19: =IF(ISNUMBER(SEARCH("عودت قرض", AE19)),"عودت قرض",IF(ISNUMBER(SEARCH("قرض", AE19)),"قرض",IF(ISNUMBER(SEARCH("کارمزد بانکی", AE19)),"کارمزد بانکی",IF(ISNUMBER(SEARCH("سهم پروژه", AE19)),"سهم پروژه",IF(ISNUMBER(SEARCH("سهم بالاسری", AE19)),"ستاد",IF(ISNUMBER(SEARCH("پرداخت", AE19)),"پرداخت","-")))))) -> سهم پروژه | AK19: =IF(AJ19>0,(AI19-AJ19)/AI19,0) -> 0 | AM19: =IF(AL19>0,AL19*AK19,0) -> 0 | AN19: =AL19-AM19 -> 0 | AR19: پیش دریافت
A20: مریم رضائی | B20: 433 | C20: - | D20: - | E20: FE04168 | F20: Project 1 | G20: مهندسی | H20: AED | I20: 1404/08/10 | L20: 419 | M20: =L20/4.26 -> 98.356808 | N20: =IF(P20>0,L20*P20,M20*R20) -> 1.190382e+08 | O20: AED | Q20: € | R20: 1210269 | S20: نرخ ارز در روز پرداخت | T20: 0.8 | U20: =L20*T20 -> 335.2 | V20: =L20-U20 -> 83.8 | AA20: کارفرما 1 | AC20: =U20 -> 335.2 | AD20: 0 | AE20: سهم پروژه | AF20: 1 | AG20: =IF(ISNUMBER(SEARCH("عودت قرض", AE20)),"عودت قرض",IF(ISNUMBER(SEARCH("قرض", AE20)),"قرض",IF(ISNUMBER(SEARCH("کارمزد بانکی", AE20)),"کارمزد بانکی",IF(ISNUMBER(SEARCH("سهم پروژه", AE20)),"سهم پروژه",IF(ISNUMBER(SEARCH("سهم بالاسری", AE20)),"ستاد",IF(ISNUMBER(SEARCH("پرداخت", AE20)),"پرداخت","-")))))) -> سهم پروژه | AK20: =IF(AJ20>0,(AI20-AJ20)/AI20,0) -> 0 | AM20: =IF(AL20>0,AL20*AK20,0) -> 0 | AN20: =AL20-AM20 -> 0
A21: مریم رضائی | E21: FB02216 | F21: Project 2 | G21: تامین | H21: AED | I21: 1404/08/17 | J21: 45971 | K21: 1404/08/19 | N21: =P21*AD21 -> 11081733 | O21: AED | P21: 284147 | Q21: € | S21: نرخ ارز در روز پرداخت | U21: =L21*T21 -> 0 | V21: =L21-U21 -> 0 | W21: 19661 | X21: 1404/07/19 | Y21: 75000000 | Z21: ریال | AA21: وندور 1 | AB21: 1 | AC21: 0 | AD21: 39 | AE21: پرداخت ارزی به وندور 1 | AF21: 2 | AG21: =IF(ISNUMBER(SEARCH("عودت قرض", AE21)),"عودت قرض",IF(ISNUMBER(SEARCH("قرض", AE21)),"قرض",IF(ISNUMBER(SEARCH("کارمزد بانکی", AE21)),"کارمزد بانکی",IF(ISNUMBER(SEARCH("سهم پروژه", AE21)),"سهم پروژه",IF(ISNUMBER(SEARCH("سهم بالاسری", AE21)),"ستاد",IF(ISNUMBER(SEARCH("پرداخت", AE21)),"پرداخت","-")))))) -> پرداخت | AK21: =IF(AJ21>0,(AI21-AJ21)/AI21,0) -> 0 | AM21: =IF(AL21>0,AL21*AK21,0) -> 0 | AN21: =AL21-AM21 -> 0 | AQ21: =AD21*100/87 -> 44.827586 | AR21: پیش پرداخت خرید کالا و خدمات
A22: مریم رضائی | E22: FB04184 | F22: Project 1 | G22: تامین | H22: AED | I22: 1404/08/22 | J22: 45974 | K22: 1404/08/22 | N22: =P22*AD22 -> 24437502 | O22: AED | P22: 284157 | Q22: € | S22: نرخ ارز در روز پرداخت | U22: =L22*T22 -> 0 | V22: =L22-U22 -> 0 | W22: 19928 | X22: 1404/08/19 | Y22: 51963 | Z22: € | AA22: وندور 2 | AB22: 2 | AC22: 0 | AD22: 86 | AE22: پرداخت ارزی به وندور 2 | AF22: 2 | AG22: =IF(ISNUMBER(SEARCH("عودت قرض", AE22)),"عودت قرض",IF(ISNUMBER(SEARCH("قرض", AE22)),"قرض",IF(ISNUMBER(SEARCH("کارمزد بانکی", AE22)),"کارمزد بانکی",IF(ISNUMBER(SEARCH("سهم پروژه", AE22)),"سهم پروژه",IF(ISNUMBER(SEARCH("سهم بالاسری", AE22)),"ستاد",IF(ISNUMBER(SEARCH("پرداخت", AE22)),"پرداخت","-")))))) -> پرداخت | AK22: =IF(AJ22>0,(AI22-AJ22)/AI22,0) -> 0 | AM22: =IF(AL22>0,AL22*AK22,0) -> 0 | AN22: =AL22-AM22 -> 0 | AR22: پیش پرداخت
A23: مریم رضائی | E23: FB04184 | F23: Project 1 | G23: تامین | H23: AED | I23: 1404/08/22 | O23: AED | Q23: € | U23: =L23*T23 -> 0 | V23: =L23-U23 -> 0 | AC23: 0 | AD23: 105 | AE23: بابت کارمزد بانکی تامین Project 1 | AF23: 2 | AG23: =IF(ISNUMBER(SEARCH("عودت قرض", AE23)),"عودت قرض",IF(ISNUMBER(SEARCH("قرض", AE23)),"قرض",IF(ISNUMBER(SEARCH("کارمزد بانکی", AE23)),"کارمزد بانکی",IF(ISNUMBER(SEARCH("سهم پروژه", AE23)),"سهم پروژه",IF(ISNUMBER(SEARCH("سهم بالاسری", AE23)),"ستاد",IF(ISNUMBER(SEARCH("پرداخت", AE23)),"پرداخت","-")))))) -> کارمزد بانکی | AH23: =AD23/AD22 -> 1.2209302 | AK23: =IF(AJ23>0,(AI23-AJ23)/AI23,0) -> 0 | AM23: =IF(AL23>0,AL23*AK23,0) -> 0 | AN23: =AL23-AM23 -> 0
A24: مریم رضائی | F24: Project 1 | G24: مکانیکال | H24: AED | I24: 1404/08/25 | O24: AED | Q24: € | U24: =L24*T24 -> 0 | V24: =L24-U24 -> 0 | AC24: 0 | AD24: 105 | AE24: قرض از مکانیکال Project 1 به تامین Project 1 | AF24: 4 | AG24: =IF(ISNUMBER(SEARCH("عودت قرض", AE24)),"عودت قرض",IF(ISNUMBER(SEARCH("قرض", AE24)),"قرض",IF(ISNUMBER(SEARCH("کارمزد بانکی", AE24)),"کارمزد بانکی",IF(ISNUMBER(SEARCH("سهم پروژه", AE24)),"سهم پروژه",IF(ISNUMBER(SEARCH("سهم بالاسری", AE24)),"ستاد",IF(ISNUMBER(SEARCH("پرداخت", AE24)),"پرداخت","-")))))) -> قرض | AK24: =IF(AJ24>0,(AI24-AJ24)/AI24,0) -> 0 | AM24: =IF(AL24>0,AL24*AK24,0) -> 0 | AN24: =AL24-AM24 -> 0 | AO24: تامین | AP24: Project 1
A25: مریم رضائی | F25: Project 1 | G25: تامین | H25: AED | I25: 1404/08/25 | O25: AED | Q25: € | U25: =L25*T25 -> 0 | V25: =L25-U25 -> 0 | AC25: 105 | AD25: 0 | AE25: قرض از مکانیکال Project 1 به تامین Project 1 | AF25: 4 | AG25: =IF(ISNUMBER(SEARCH("عودت قرض", AE25)),"عودت قرض",IF(ISNUMBER(SEARCH("قرض", AE25)),"قرض",IF(ISNUMBER(SEARCH("کارمزد بانکی", AE25)),"کارمزد بانکی",IF(ISNUMBER(SEARCH("سهم پروژه", AE25)),"سهم پروژه",IF(ISNUMBER(SEARCH("سهم بالاسری", AE25)),"ستاد",IF(ISNUMBER(SEARCH("پرداخت", AE25)),"پرداخت","-")))))) -> قرض | AK25: =IF(AJ25>0,(AI25-AJ25)/AI25,0) -> 0 | AM25: =IF(AL25>0,AL25*AK25,0) -> 0 | AN25: =AL25-AM25 -> 0 | AO25: مکانیکال | AP25: Project 1
A26: مریم رضائی | E26: FB04096 | F26: Project 1 | G26: تامین | H26: AED | I26: 1404/08/26 | J26: 45978 | K26: 1404/08/26 | N26: =P26*AD26 -> 28139682 | O26: AED | P26: 302577.22 | Q26: € | R26: 850700.5 | S26: نرخ ارز در روز پرداخت | U26: =L26*T26 -> 0 | V26: =L26-U26 -> 0 | W26: 19940 | X26: 1404/08/21 | Y26: 40590 | Z26: € | AA26: وندور 3 | AB26: 3 | AC26: 0 | AD26: 93 | AE26: پرداخت ارزی به وندور 3 | AF26: 2 | AG26: =IF(ISNUMBER(SEARCH("عودت قرض", AE26)),"عودت قرض",IF(ISNUMBER(SEARCH("قرض", AE26)),"قرض",IF(ISNUMBER(SEARCH("کارمزد بانکی", AE26)),"کارمزد بانکی",IF(ISNUMBER(SEARCH("سهم پروژه", AE26)),"سهم پروژه",IF(ISNUMBER(SEARCH("سهم بالاسری", AE26)),"ستاد",IF(ISNUMBER(SEARCH("پرداخت", AE26)),"پرداخت","-")))))) -> پرداخت | AK26: =IF(AJ26>0,(AI26-AJ26)/AI26,0) -> 0 | AM26: =IF(AL26>0,AL26*AK26,0) -> 0 | AN26: =AL26-AM26 -> 0 | AR26: پیش پرداخت خرید کالا و خدمات
A27: مریم رضائی | E27: FB04096 | F27: Project 1 | G27: تامین | H27: AED | I27: 1404/08/26 | O27: AED | Q27: € | U27: =L27*T27 -> 0 | V27: =L27-U27 -> 0 | AC27: 0 | AD27: 17 | AE27: بابت کارمزد بانکی تامین Project 1 | AF27: 2 | AG27: =IF(ISNUMBER(SEARCH("عودت قرض", AE27)),"عودت قرض",IF(ISNUMBER(SEARCH("قرض", AE27)),"قرض",IF(ISNUMBER(SEARCH("کارمزد بانکی", AE27)),"کارمزد بانکی",IF(ISNUMBER(SEARCH("سهم پروژه", AE27)),"سهم پروژه",IF(ISNUMBER(SEARCH("سهم بالاسری", AE27)),"ستاد",IF(ISNUMBER(SEARCH("پرداخت", AE27)),"پرداخت","-")))))) -> کارمزد بانکی | AH27: =AD27/AD26 -> 0.1827957 | AK27: =IF(AJ27>0,(AI27-AJ27)/AI27,0) -> 0 | AM27: =IF(AL27>0,AL27*AK27,0) -> 0 | AN27: =AL27-AM27 -> 0
A28: مریم رضائی | E28: FB03081 | F28: Project 2 | G28: تامین | H28: AED | I28: 1404/08/26 | J28: 45978 | K28: 1404/08/26 | N28: =P28*AD28 -> 16363368 | O28: AED | P28: 292203 | Q28: € | S28: نرخ ارز در روز پرداخت | U28: =L28*T28 -> 0 | V28: =L28-U28 -> 0 | W28: 19897 | X28: 1404/08/14 | Y28: 25899700 | Z28: ریال | AA28: وندور 4 | AB28: 4 | AC28: 0 | AD28: 56 | AE28: پرداخت ارزی به وندور 4 | AF28: 2 | AG28: =IF(ISNUMBER(SEARCH("عودت قرض", AE28)),"عودت قرض",IF(ISNUMBER(SEARCH("قرض", AE28)),"قرض",IF(ISNUMBER(SEARCH("کارمزد بانکی", AE28)),"کارمزد بانکی",IF(ISNUMBER(SEARCH("سهم پروژه", AE28)),"سهم پروژه",IF(ISNUMBER(SEARCH("سهم بالاسری", AE28)),"ستاد",IF(ISNUMBER(SEARCH("پرداخت", AE28)),"پرداخت","-")))))) -> پرداخت | AK28: =IF(AJ28>0,(AI28-AJ28)/AI28,0) -> 0 | AM28: =IF(AL28>0,AL28*AK28,0) -> 0 | AN28: =AL28-AM28 -> 0 | AQ28: =AD28*100/87 -> 64.367816 | AR28: حسابهای پرداختنی تجاری
A29: مریم رضائی | E29: FB03081 | F29: Project 2 | G29: تامین | H29: AED | I29: 1404/08/26 | O29: AED | Q29: € | U29: =L29*T29 -> 0 | V29: =L29-U29 -> 0 | AC29: 0 | AD29: 7 | AE29: بابت کارمزد بانکی تامین Project 2 | AF29: 2 | AG29: =IF(ISNUMBER(SEARCH("عودت قرض", AE29)),"عودت قرض",IF(ISNUMBER(SEARCH("قرض", AE29)),"قرض",IF(ISNUMBER(SEARCH("کارمزد بانکی", AE29)),"کارمزد بانکی",IF(ISNUMBER(SEARCH("سهم پروژه", AE29)),"سهم پروژه",IF(ISNUMBER(SEARCH("سهم بالاسری", AE29)),"ستاد",IF(ISNUMBER(SEARCH("پرداخت", AE29)),"پرداخت","-")))))) -> کارمزد بانکی | AH29: =AD29/AD28 -> 0.125 | AK29: =IF(AJ29>0,(AI29-AJ29)/AI29,0) -> 0 | AM29: =IF(AL29>0,AL29*AK29,0) -> 0 | AN29: =AL29-AM29 -> 0 | AQ29: =AD29*100/87 -> 8.045977
A30: مریم رضائی | F30: Project 2 | G30: تامین | H30: AED | I30: 1404/08/27 | O30: AED | Q30: € | U30: =L30*T30 -> 0 | V30: =L30-U30 -> 0 | X30: 1404/08/27 | AC30: 0 | AD30: 170 | AE30: قرض از تامین Project 2 به نصب Project 2 | AF30: 4 | AG30: =IF(ISNUMBER(SEARCH("عودت قرض", AE30)),"عودت قرض",IF(ISNUMBER(SEARCH("قرض", AE30)),"قرض",IF(ISNUMBER(SEARCH("کارمزد بانکی", AE30)),"کارمزد بانکی",IF(ISNUMBER(SEARCH("سهم پروژه", AE30)),"سهم پروژه",IF(ISNUMBER(SEARCH("سهم بالاسری", AE30)),"ستاد",IF(ISNUMBER(SEARCH("پرداخت", AE30)),"پرداخت","-")))))) -> قرض | AK30: =IF(AJ30>0,(AI30-AJ30)/AI30,0) -> 0 | AM30: =IF(AL30>0,AL30*AK30,0) -> 0 | AN30: =AL30-AM30 -> 0 | AO30: نصب | AP30: Project 2 | AQ30: =AD30*100/87 -> 195.4023
A31: مریم رضائی | F31: Project 2 | G31: نصب | H31: AED | I31: 1404/08/27 | O31: AED | Q31: € | U31: =L31*T31 -> 0 | V31: =L31-U31 -> 0 | X31: 1404/08/27 | AC31: 170 | AD31: 0 | AE31: قرض از تامین Project 2 به نصب Project 2 | AF31: 4 | AG31: =IF(ISNUMBER(SEARCH("عودت قرض", AE31)),"عودت قرض",IF(ISNUMBER(SEARCH("قرض", AE31)),"قرض",IF(ISNUMBER(SEARCH("کارمزد بانکی", AE31)),"کارمزد بانکی",IF(ISNUMBER(SEARCH("سهم پروژه", AE31)),"سهم پروژه",IF(ISNUMBER(SEARCH("سهم بالاسری", AE31)),"ستاد",IF(ISNUMBER(SEARCH("پرداخت", AE31)),"پرداخت","-")))))) -> قرض | AK31: =IF(AJ31>0,(AI31-AJ31)/AI31,0) -> 0 | AM31: =IF(AL31>0,AL31*AK31,0) -> 0 | AN31: =AL31-AM31 -> 0 | AO31: تامین | AP31: Project 2
A32: مریم رضائی | E32: FI03107 | F32: Project 2 | G32: نصب | H32: AED | I32: 1404/08/27 | J32: 45979 | K32: 1404/08/27 | N32: =P32*AD32 -> 22301512 | O32: AED | P32: 297353.5 | Q32: € | S32: نرخ ارز در روز پرداخت | U32: =L32*T32 -> 0 | V32: =L32-U32 -> 0 | W32: 19978 | X32: 1404/08/27 | Y32: 31539630 | Z32: ریال | AA32: وندور 5 | AB32: 5 | AC32: 0 | AD32: 75 | AE32: پرداخت ارزی به وندور 5 | AF32: 2 | AG32: =IF(ISNUMBER(SEARCH("عودت قرض", AE32)),"عودت قرض",IF(ISNUMBER(SEARCH("قرض", AE32)),"قرض",IF(ISNUMBER(SEARCH("کارمزد بانکی", AE32)),"کارمزد بانکی",IF(ISNUMBER(SEARCH("سهم پروژه", AE32)),"سهم پروژه",IF(ISNUMBER(SEARCH("سهم بالاسری", AE32)),"ستاد",IF(ISNUMBER(SEARCH("پرداخت", AE32)),"پرداخت","-")))))) -> پرداخت | AK32: =IF(AJ32>0,(AI32-AJ32)/AI32,0) -> 0 | AM32: =IF(AL32>0,AL32*AK32,0) -> 0 | AN32: =AL32-AM32 -> 0 | AQ32: =AD32*100/87 -> 86.206897 | AR32: علی الحساب پرداختی پروژه به پیمانکاران
A33: مریم رضائی | E33: FI03107 | F33: Project 2 | G33: نصب | H33: AED | I33: 1404/08/27 | O33: AED | Q33: € | U33: =L33*T33 -> 0 | V33: =L33-U33 -> 0 | AC33: 0 | AD33: 10 | AE33: بابت کارمزد بانکی نصب Project 2 | AF33: 2 | AG33: =IF(ISNUMBER(SEARCH("عودت قرض", AE33)),"عودت قرض",IF(ISNUMBER(SEARCH("قرض", AE33)),"قرض",IF(ISNUMBER(SEARCH("کارمزد بانکی", AE33)),"کارمزد بانکی",IF(ISNUMBER(SEARCH("سهم پروژه", AE33)),"سهم پروژه",IF(ISNUMBER(SEARCH("سهم بالاسری", AE33)),"ستاد",IF(ISNUMBER(SEARCH("پرداخت", AE33)),"پرداخت","-")))))) -> کارمزد بانکی | AH33: =AD33/AD32 -> 0.13333333 | AK33: =IF(AJ33>0,(AI33-AJ33)/AI33,0) -> 0 | AM33: =IF(AL33>0,AL33*AK33,0) -> 0 | AN33: =AL33-AM33 -> 0 | AQ33: =AD33*100/87 -> 11.494253
A34: مریم رضائی | F34: Project 1 | G34: تامین | H34: AED | I34: 1404/09/02 | N34: 80000000000 | O34: AED | P34: =N34/AD34 -> 1000000000 | Q34: € | U34: =L34*T34 -> 0 | V34: =L34-U34 -> 0 | AC34: 0 | AD34: 80 | AE34: قرض از تامین Project 1 به تولید Project 1 | AF34: 4 | AG34: =IF(ISNUMBER(SEARCH("عودت قرض", AE34)),"عودت قرض",IF(ISNUMBER(SEARCH("قرض", AE34)),"قرض",IF(ISNUMBER(SEARCH("کارمزد بانکی", AE34)),"کارمزد بانکی",IF(ISNUMBER(SEARCH("سهم پروژه", AE34)),"سهم پروژه",IF(ISNUMBER(SEARCH("سهم بالاسری", AE34)),"ستاد",IF(ISNUMBER(SEARCH("پرداخت", AE34)),"پرداخت","-")))))) -> قرض | AK34: =IF(AJ34>0,(AI34-AJ34)/AI34,0) -> 0 | AM34: =IF(AL34>0,AL34*AK34,0) -> 0 | AN34: =AL34-AM34 -> 0 | AO34: تولید | AP34: Project 1
A35: مریم رضائی | F35: Project 1 | G35: تولید | H35: AED | I35: 1404/09/02 | N35: 80000000000 | O35: AED | P35: =N35/AC35 -> 1000000000 | Q35: € | U35: =L35*T35 -> 0 | V35: =L35-U35 -> 0 | AC35: 80 | AD35: 0 | AE35: قرض از تامین Project 1 به تولید Project 1 | AF35: 4 | AG35: =IF(ISNUMBER(SEARCH("عودت قرض", AE35)),"عودت قرض",IF(ISNUMBER(SEARCH("قرض", AE35)),"قرض",IF(ISNUMBER(SEARCH("کارمزد بانکی", AE35)),"کارمزد بانکی",IF(ISNUMBER(SEARCH("سهم پروژه", AE35)),"سهم پروژه",IF(ISNUMBER(SEARCH("سهم بالاسری", AE35)),"ستاد",IF(ISNUMBER(SEARCH("پرداخت", AE35)),"پرداخت","-")))))) -> قرض | AK35: =IF(AJ35>0,(AI35-AJ35)/AI35,0) -> 0 | AM35: =IF(AL35>0,AL35*AK35,0) -> 0 | AN35: =AL35-AM35 -> 0 | AO35: تامین | AP35: Project 1
A36: مریم رضائی | E36: FI03107 | F36: Project 2 | G36: نصب | H36: AED | I36: 1404/09/04 | J36: 45986 | K36: 1404/09/04 | N36: =P36*AD36 -> 22450286 | O36: AED | P36: =(307180+310010)*0.97/2 -> 299337.15 | Q36: € | U36: =L36*T36 -> 0 | V36: =L36-U36 -> 0 | W36: 19979 | X36: 1404/08/27 | Y36: 31539630 | Z36: ریال | AA36: وندور 7 | AB36: 8 | AC36: 0 | AD36: 75 | AE36: پرداخت ارزی | AF36: 2 | AG36: =IF(ISNUMBER(SEARCH("عودت قرض", AE36)),"عودت قرض",IF(ISNUMBER(SEARCH("قرض", AE36)),"قرض",IF(ISNUMBER(SEARCH("کارمزد بانکی", AE36)),"کارمزد بانکی",IF(ISNUMBER(SEARCH("سهم پروژه", AE36)),"سهم پروژه",IF(ISNUMBER(SEARCH("سهم بالاسری", AE36)),"ستاد",IF(ISNUMBER(SEARCH("پرداخت", AE36)),"پرداخت","-")))))) -> پرداخت | AK36: =IF(AJ36>0,(AI36-AJ36)/AI36,0) -> 0 | AM36: =IF(AL36>0,AL36*AK36,0) -> 0 | AN36: =AL36-AM36 -> 0 | AQ36: =AD36*100/87 -> 86.206897
A37: مریم رضائی | E37: FI03107 | F37: Project 2 | G37: نصب | H37: AED | I37: 1404/09/04 | O37: AED | Q37: € | U37: =L37*T37 -> 0 | V37: =L37-U37 -> 0 | AC37: 0 | AD37: 10 | AE37: بابت کارمزد بانکی نصب Project 2 | AF37: 2 | AG37: =IF(ISNUMBER(SEARCH("عودت قرض", AE37)),"عودت قرض",IF(ISNUMBER(SEARCH("قرض", AE37)),"قرض",IF(ISNUMBER(SEARCH("کارمزد بانکی", AE37)),"کارمزد بانکی",IF(ISNUMBER(SEARCH("سهم پروژه", AE37)),"سهم پروژه",IF(ISNUMBER(SEARCH("سهم بالاسری", AE37)),"ستاد",IF(ISNUMBER(SEARCH("پرداخت", AE37)),"پرداخت","-")))))) -> کارمزد بانکی | AH37: =AD37/AD36 -> 0.13333333 | AK37: =IF(AJ37>0,(AI37-AJ37)/AI37,0) -> 0 | AM37: =IF(AL37>0,AL37*AK37,0) -> 0 | AN37: =AL37-AM37 -> 0 | AQ37: =AD37*100/87 -> 11.494253
A38: مریم رضائی | F38: Project 1 | G38: مهندسی | H38: AED | I38: 1404/09/09 | O38: AED | Q38: € | U38: =L38*T38 -> 0 | V38: =L38-U38 -> 0 | AC38: 0 | AD38: 14 | AE38: قرض از مهندسی Project 1 به تامین Project 1 | AF38: 4 | AG38: =IF(ISNUMBER(SEARCH("عودت قرض", AE38)),"عودت قرض",IF(ISNUMBER(SEARCH("قرض", AE38)),"قرض",IF(ISNUMBER(SEARCH("کارمزد بانکی", AE38)),"کارمزد بانکی",IF(ISNUMBER(SEARCH("سهم پروژه", AE38)),"سهم پروژه",IF(ISNUMBER(SEARCH("سهم بالاسری", AE38)),"ستاد",IF(ISNUMBER(SEARCH("پرداخت", AE38)),"پرداخت","-")))))) -> قرض | AK38: =IF(AJ38>0,(AI38-AJ38)/AI38,0) -> 0 | AM38: =IF(AL38>0,AL38*AK38,0) -> 0 | AN38: =AL38-AM38 -> 0 | AO38: تامین | AP38: Project 1
A39: مریم رضائی | F39: Project 1 | G39: تامین | H39: AED | I39: 1404/09/09 | O39: AED | Q39: € | U39: =L39*T39 -> 0 | V39: =L39-U39 -> 0 | AC39: 14 | AD39: 0 | AE39: قرض از مهندسی Project 1 به تامین Project 1 | AF39: 4 | AG39: =IF(ISNUMBER(SEARCH("عودت قرض", AE39)),"عودت قرض",IF(ISNUMBER(SEARCH("قرض", AE39)),"قرض",IF(ISNUMBER(SEARCH("کارمزد بانکی", AE39)),"کارمزد بانکی",IF(ISNUMBER(SEARCH("سهم پروژه", AE39)),"سهم پروژه",IF(ISNUMBER(SEARCH("سهم بالاسری", AE39)),"ستاد",IF(ISNUMBER(SEARCH("پرداخت", AE39)),"پرداخت","-")))))) -> قرض | AK39: =IF(AJ39>0,(AI39-AJ39)/AI39,0) -> 0 | AM39: =IF(AL39>0,AL39*AK39,0) -> 0 | AN39: =AL39-AM39 -> 0 | AO39: مهندسی | AP39: Project 1
A40: مریم رضائی | E40: FB04095 | F40: Project 1 | G40: مکانیکال | H40: AED | I40: 1404/09/10 | J40: 45992 | K40: 1404/09/10 | N40: =P40*AD40 -> 4754775 | O40: AED | P40: 316985 | Q40: € | U40: =L40*T40 -> 0 | V40: =L40-U40 -> 0 | W40: 20056 | X40: 1404/09/08 | Y40: 42645787 | Z40: ریال | AA40: وندور 8 | AB40: 9 | AC40: 0 | AD40: 15 | AE40: پیش پرداخت ارزی | AF40: 2 | AG40: =IF(ISNUMBER(SEARCH("عودت قرض", AE40)),"عودت قرض",IF(ISNUMBER(SEARCH("قرض", AE40)),"قرض",IF(ISNUMBER(SEARCH("کارمزد بانکی", AE40)),"کارمزد بانکی",IF(ISNUMBER(SEARCH("سهم پروژه", AE40)),"سهم پروژه",IF(ISNUMBER(SEARCH("سهم بالاسری", AE40)),"ستاد",IF(ISNUMBER(SEARCH("پرداخت", AE40)),"پرداخت","-")))))) -> پرداخت | AK40: =IF(AJ40>0,(AI40-AJ40)/AI40,0) -> 0 | AM40: =IF(AL40>0,AL40*AK40,0) -> 0 | AN40: =AL40-AM40 -> 0
A41: مریم رضائی | E41: FB04095 | F41: Project 1 | G41: مکانیکال | H41: AED | I41: 1404/09/10 | O41: AED | Q41: € | U41: =L41*T41 -> 0 | V41: =L41-U41 -> 0 | AC41: 0 | AD41: 2 | AE41: بابت کارمزد بانکی مکانیکال Project 1 | AF41: 2 | AG41: =IF(ISNUMBER(SEARCH("عودت قرض", AE41)),"عودت قرض",IF(ISNUMBER(SEARCH("قرض", AE41)),"قرض",IF(ISNUMBER(SEARCH("کارمزد بانکی", AE41)),"کارمزد بانکی",IF(ISNUMBER(SEARCH("سهم پروژه", AE41)),"سهم پروژه",IF(ISNUMBER(SEARCH("سهم بالاسری", AE41)),"ستاد",IF(ISNUMBER(SEARCH("پرداخت", AE41)),"پرداخت","-")))))) -> کارمزد بانکی | AH41: =AD41/AD40 -> 0.13333333 | AK41: =IF(AJ41>0,(AI41-AJ41)/AI41,0) -> 0 | AM41: =IF(AL41>0,AL41*AK41,0) -> 0 | AN41: =AL41-AM41 -> 0
A42: مریم رضائی | F42: Project 1 | G42: تولید | H42: AED | I42: 1404/09/11 | O42: AED | P42: 294455 | Q42: € | U42: =L42*T42 -> 0 | V42: =L42-U42 -> 0 | AC42: 0 | AD42: 14 | AE42: قرض از تولید Project 1 به مکانیکال Project 1 | AF42: 4 | AG42: =IF(ISNUMBER(SEARCH("عودت قرض", AE42)),"عودت قرض",IF(ISNUMBER(SEARCH("قرض", AE42)),"قرض",IF(ISNUMBER(SEARCH("کارمزد بانکی", AE42)),"کارمزد بانکی",IF(ISNUMBER(SEARCH("سهم پروژه", AE42)),"سهم پروژه",IF(ISNUMBER(SEARCH("سهم بالاسری", AE42)),"ستاد",IF(ISNUMBER(SEARCH("پرداخت", AE42)),"پرداخت","-")))))) -> قرض | AK42: =IF(AJ42>0,(AI42-AJ42)/AI42,0) -> 0 | AM42: =IF(AL42>0,AL42*AK42,0) -> 0 | AN42: =AL42-AM42 -> 0 | AO42: مکانیکال | AP42: Project 1
A43: مریم رضائی | F43: Project 1 | G43: مکانیکال | H43: AED | I43: 1404/09/11 | O43: AED | P43: 294455 | Q43: € | U43: =L43*T43 -> 0 | V43: =L43-U43 -> 0 | AC43: 14 | AD43: 0 | AE43: قرض از تولید Project 1 به مکانیکال Project 1 | AF43: 4 | AG43: =IF(ISNUMBER(SEARCH("عودت قرض", AE43)),"عودت قرض",IF(ISNUMBER(SEARCH("قرض", AE43)),"قرض",IF(ISNUMBER(SEARCH("کارمزد بانکی", AE43)),"کارمزد بانکی",IF(ISNUMBER(SEARCH("سهم پروژه", AE43)),"سهم پروژه",IF(ISNUMBER(SEARCH("سهم بالاسری", AE43)),"ستاد",IF(ISNUMBER(SEARCH("پرداخت", AE43)),"پرداخت","-")))))) -> قرض | AK43: =IF(AJ43>0,(AI43-AJ43)/AI43,0) -> 0 | AM43: =IF(AL43>0,AL43*AK43,0) -> 0 | AN43: =AL43-AM43 -> 0 | AO43: تولید | AP43: Project 1
A44: مریم رضائی | F44: Project 1 | G44: مهندسی | H44: AED | I44: 1404/09/12 | O44: AED | Q44: € | U44: =L44*T44 -> 0 | V44: =L44-U44 -> 0 | AC44: 0 | AD44: 16 | AE44: قرض از مهندسی Project 1 به مکانیکال Project 1 | AF44: 4 | AG44: =IF(ISNUMBER(SEARCH("عودت قرض", AE44)),"عودت قرض",IF(ISNUMBER(SEARCH("قرض", AE44)),"قرض",IF(ISNUMBER(SEARCH("کارمزد بانکی", AE44)),"کارمزد بانکی",IF(ISNUMBER(SEARCH("سهم پروژه", AE44)),"سهم پروژه",IF(ISNUMBER(SEARCH("سهم بالاسری", AE44)),"ستاد",IF(ISNUMBER(SEARCH("پرداخت", AE44)),"پرداخت","-")))))) -> قرض | AK44: =IF(AJ44>0,(AI44-AJ44)/AI44,0) -> 0 | AM44: =IF(AL44>0,AL44*AK44,0) -> 0 | AN44: =AL44-AM44 -> 0 | AO44: مکانیکال | AP44: Project 1
A45: مریم رضائی | F45: Project 1 | G45: مکانیکال | H45: AED | I45: 1404/09/12 | O45: AED | Q45: € | U45: =L45*T45 -> 0 | V45: =L45-U45 -> 0 | AC45: 16 | AD45: 0 | AE45: قرض از مهندسی Project 1 به مکانیکال Project 1 | AF45: 4 | AG45: =IF(ISNUMBER(SEARCH("عودت قرض", AE45)),"عودت قرض",IF(ISNUMBER(SEARCH("قرض", AE45)),"قرض",IF(ISNUMBER(SEARCH("کارمزد بانکی", AE45)),"کارمزد بانکی",IF(ISNUMBER(SEARCH("سهم پروژه", AE45)),"سهم پروژه",IF(ISNUMBER(SEARCH("سهم بالاسری", AE45)),"ستاد",IF(ISNUMBER(SEARCH("پرداخت", AE45)),"پرداخت","-")))))) -> قرض | AK45: =IF(AJ45>0,(AI45-AJ45)/AI45,0) -> 0 | AM45: =IF(AL45>0,AL45*AK45,0) -> 0 | AN45: =AL45-AM45 -> 0 | AO45: مهندسی | AP45: Project 1
A46: مریم رضائی | E46: FB04083 | F46: Project 1 | G46: مکانیکال | H46: AED | I46: 1404/09/12 | N46: =P46*AC46 -> 4817850 | O46: AED | P46: 321190 | Q46: € | R46: 852022.5 | U46: =L46*T46 -> 0 | V46: =L46-U46 -> 0 | W46: 20057 | X46: 1404/09/08 | Y46: 18 | Z46: € | AA46: وندور 8 | AB46: 10 | AC46: 15 | AD46: 0 | AE46: عودت وجه بابت پیش پرداخت ارزی | AF46: 1 | AG46: سهم پروژه | AK46: =IF(AJ46>0,(AI46-AJ46)/AI46,0) -> 0 | AM46: =IF(AL46>0,AL46*AK46,0) -> 0 | AN46: =AL46-AM46 -> 0
A47: مریم رضائی | E47: FB04083 | F47: Project 1 | G47: مکانیکال | H47: AED | I47: 1404/09/12 | O47: AED | Q47: € | U47: =L47*T47 -> 0 | V47: =L47-U47 -> 0 | AC47: 2 | AD47: 0 | AE47: عودت وجه بابت کارمزد بانکی مکانیکال Project 1 | AF47: 1 | AG47: سهم پروژه | AH47: =AC47/AC46 -> 0.13333333 | AK47: =IF(AJ47>0,(AI47-AJ47)/AI47,0) -> 0 | AM47: =IF(AL47>0,AL47*AK47,0) -> 0 | AN47: =AL47-AM47 -> 0
A48: مریم رضائی | F48: Project 1 | G48: تامین | H48: AED | I48: 1404/09/15 | O48: AED | Q48: € | U48: =L48*T48 -> 0 | V48: =L48-U48 -> 0 | AC48: 0 | AD48: 68 | AE48: عودت قرض از تامین Project 1 به مکانیکال Project 1 | AF48: 5 | AG48: =IF(ISNUMBER(SEARCH("عودت قرض", AE48)),"عودت قرض",IF(ISNUMBER(SEARCH("قرض", AE48)),"قرض",IF(ISNUMBER(SEARCH("کارمزد بانکی", AE48)),"کارمزد بانکی",IF(ISNUMBER(SEARCH("سهم پروژه", AE48)),"سهم پروژه",IF(ISNUMBER(SEARCH("سهم بالاسری", AE48)),"ستاد",IF(ISNUMBER(SEARCH("پرداخت", AE48)),"پرداخت","-")))))) -> عودت قرض | AK48: =IF(AJ48>0,(AI48-AJ48)/AI48,0) -> 0 | AM48: =IF(AL48>0,AL48*AK48,0) -> 0 | AN48: =AL48-AM48 -> 0 | AO48: مکانیکال | AP48: Project 1
A49: مریم رضائی | F49: Project 1 | G49: مکانیکال | H49: AED | I49: 1404/09/15 | O49: AED | Q49: € | U49: =L49*T49 -> 0 | V49: =L49-U49 -> 0 | AC49: 68 | AD49: 0 | AE49: عودت قرض از تامین Project 1 به مکانیکال Project 1 | AF49: 5 | AG49: =IF(ISNUMBER(SEARCH("عودت قرض", AE49)),"عودت قرض",IF(ISNUMBER(SEARCH("قرض", AE49)),"قرض",IF(ISNUMBER(SEARCH("کارمزد بانکی", AE49)),"کارمزد بانکی",IF(ISNUMBER(SEARCH("سهم پروژه", AE49)),"سهم پروژه",IF(ISNUMBER(SEARCH("سهم بالاسری", AE49)),"ستاد",IF(ISNUMBER(SEARCH("پرداخت", AE49)),"پرداخت","-")))))) -> عودت قرض | AK49: =IF(AJ49>0,(AI49-AJ49)/AI49,0) -> 0 | AM49: =IF(AL49>0,AL49*AK49,0) -> 0 | AN49: =AL49-AM49 -> 0 | AO49: تامین | AP49: Project 1
A50: مریم رضائی | E50: FB04089 | F50: Project 1 | G50: مکانیکال | H50: AED | I50: 1404/09/16 | J50: 46000 | K50: 1404/09/18 | N50: =P50*AD50 -> 10404352 | O50: AED | P50: 325136 | Q50: € | S50: نرخ ارز در روز پرداخت | U50: =L50*T50 -> 0 | V50: =L50-U50 -> 0 | W50: 20075 | X50: 1404/09/11 | Y50: 69831480 | Z50: ریال | AA50: وندور 6 | AB50: 6 | AC50: 0 | AD50: 32 | AE50: پرداخت ارزی به وندور 6 | AF50: 2 | AG50: =IF(ISNUMBER(SEARCH("عودت قرض", AE50)),"عودت قرض",IF(ISNUMBER(SEARCH("قرض", AE50)),"قرض",IF(ISNUMBER(SEARCH("کارمزد بانکی", AE50)),"کارمزد بانکی",IF(ISNUMBER(SEARCH("سهم پروژه", AE50)),"سهم پروژه",IF(ISNUMBER(SEARCH("سهم بالاسری", AE50)),"ستاد",IF(ISNUMBER(SEARCH("پرداخت", AE50)),"پرداخت","-")))))) -> پرداخت | AK50: =IF(AJ50>0,(AI50-AJ50)/AI50,0) -> 0 | AM50: =IF(AL50>0,AL50*AK50,0) -> 0 | AN50: =AL50-AM50 -> 0
A51: مریم رضائی | E51: FB04089 | F51: Project 1 | G51: مکانیکال | H51: AED | I51: 1404/09/16 | O51: AED | Q51: € | U51: =L51*T51 -> 0 | V51: =L51-U51 -> 0 | AC51: 0 | AD51: 25 | AE51: بابت کارمزد بانکی مکانیکال Project 1 | AF51: 2 | AG51: =IF(ISNUMBER(SEARCH("عودت قرض", AE51)),"عودت قرض",IF(ISNUMBER(SEARCH("قرض", AE51)),"قرض",IF(ISNUMBER(SEARCH("کارمزد بانکی", AE51)),"کارمزد بانکی",IF(ISNUMBER(SEARCH("سهم پروژه", AE51)),"سهم پروژه",IF(ISNUMBER(SEARCH("سهم بالاسری", AE51)),"ستاد",IF(ISNUMBER(SEARCH("پرداخت", AE51)),"پرداخت","-")))))) -> کارمزد بانکی | AH51: =AD51/AD50 -> 0.78125 | AK51: =IF(AJ51>0,(AI51-AJ51)/AI51,0) -> 0 | AM51: =IF(AL51>0,AL51*AK51,0) -> 0 | AN51: =AL51-AM51 -> 0
A52: مریم رضائی | E52: FB04151 | F52: Project 2 | G52: تامین | H52: AED | I52: 1404/09/29 | O52: AED | Q52: € | U52: =L52*T52 -> 0 | V52: =L52-U52 -> 0 | AC52: 7 | AD52: 0 | AE52: عودت وجه بابت کارمزد بانکی تامین Project 2 | AF52: 1 | AG52: سهم پروژه | AH52: =AC52/AC53 -> 0.125 | AK52: =IF(AJ52>0,(AI52-AJ52)/AI52,0) -> 0 | AM52: =IF(AL52>0,AL52*AK52,0) -> 0 | AN52: =AL52-AM52 -> 0
A53: مریم رضائی | E53: FB04151 | F53: Project 2 | G53: تامین | H53: AED | I53: 1404/09/29 | N53: =P53*AC53 -> 19392783 | O53: AED | P53: 346299.7 | Q53: € | S53: نرخ ارز در روز پرداخت | U53: =L53*T53 -> 0 | V53: =L53-U53 -> 0 | W53: 20166 | X53: 1404/09/23 | Y53: 30066392 | Z53: ریال | AA53: وندور 6 | AB53: 7 | AC53: 56 | AD53: 0 | AE53: عودت پرداخت ارزی به وندور 6 | AF53: 1 | AG53: سهم پروژه | AK53: =IF(AJ53>0,(AI53-AJ53)/AI53,0) -> 0 | AM53: =IF(AL53>0,AL53*AK53,0) -> 0 | AN53: =AL53-AM53 -> 0
A54: مریم رضائی | F54: Project 2 | G54: تولید | H54: AED | I54: 1404/10/07 | N54: =P54*AD54 -> 5145000 | O54: AED | P54: 367500 | Q54: € | U54: =L54*T54 -> 0 | V54: =L54-U54 -> 0 | X54: 1404/10/03 | AC54: 0 | AD54: 14 | AE54: فروش درهم تولید Project 2 جهت ایجاد نقدینگی ریالی | AF54: 2 | AG54: پرداخت | AK54: =IF(AJ54>0,(AI54-AJ54)/AI54,0) -> 0 | AM54: =IF(AL54>0,AL54*AK54,0) -> 0 | AN54: =AL54-AM54 -> 0
A55: مریم رضائی | E55: FP03314 | F55: Project 1 | G55: تولید | H55: AED | I55: 1404/10/15 | J55: 46028 | K55: 1404/10/16 | O55: AED | Q55: € | U55: =L55*T55 -> 0 | V55: =L55-U55 -> 0 | W55: 20366 | X55: 1404/10/09 | Y55: 16500 | Z55: AED | AA55: وندور 9 | AB55: 11 | AC55: 0 | AD55: 6 | AE55: پرداخت ارزی | AF55: 2 | AG55: =IF(ISNUMBER(SEARCH("عودت قرض", AE55)),"عودت قرض",IF(ISNUMBER(SEARCH("قرض", AE55)),"قرض",IF(ISNUMBER(SEARCH("کارمزد بانکی", AE55)),"کارمزد بانکی",IF(ISNUMBER(SEARCH("سهم پروژه", AE55)),"سهم پروژه",IF(ISNUMBER(SEARCH("سهم بالاسری", AE55)),"ستاد",IF(ISNUMBER(SEARCH("پرداخت", AE55)),"پرداخت","-")))))) -> پرداخت | AK55: =IF(AJ55>0,(AI55-AJ55)/AI55,0) -> 0 | AM55: =IF(AL55>0,AL55*AK55,0) -> 0 | AN55: =AL55-AM55 -> 0
A56: مریم رضائی | E56: FP03297 | F56: Project 1 | G56: تولید | H56: AED | I56: 1404/10/15 | J56: 46028 | K56: 1404/10/16 | O56: AED | Q56: € | U56: =L56*T56 -> 0 | V56: =L56-U56 -> 0 | W56: 20365 | X56: 1404/10/09 | Y56: 14850 | Z56: AED | AA56: وندور 9 | AB56: 12 | AC56: 0 | AD56: 3 | AE56: پرداخت ارزی | AF56: 2 | AG56: =IF(ISNUMBER(SEARCH("عودت قرض", AE56)),"عودت قرض",IF(ISNUMBER(SEARCH("قرض", AE56)),"قرض",IF(ISNUMBER(SEARCH("کارمزد بانکی", AE56)),"کارمزد بانکی",IF(ISNUMBER(SEARCH("سهم پروژه", AE56)),"سهم پروژه",IF(ISNUMBER(SEARCH("سهم بالاسری", AE56)),"ستاد",IF(ISNUMBER(SEARCH("پرداخت", AE56)),"پرداخت","-")))))) -> پرداخت | AK56: =IF(AJ56>0,(AI56-AJ56)/AI56,0) -> 0 | AM56: =IF(AL56>0,AL56*AK56,0) -> 0 | AN56: =AL56-AM56 -> 0
A57: مریم رضائی | E57: FP03314, FP03297 | F57: Project 1 | G57: تولید | H57: AED | I57: 1404/10/15 | O57: AED | Q57: € | U57: =L57*T57 -> 0 | V57: =L57-U57 -> 0 | AC57: 0 | AD57: 63 | AE57: بابت کارمزد بانکی تولید Project 1 | AF57: 2 | AG57: =IF(ISNUMBER(SEARCH("عودت قرض", AE57)),"عودت قرض",IF(ISNUMBER(SEARCH("قرض", AE57)),"قرض",IF(ISNUMBER(SEARCH("کارمزد بانکی", AE57)),"کارمزد بانکی",IF(ISNUMBER(SEARCH("سهم پروژه", AE57)),"سهم پروژه",IF(ISNUMBER(SEARCH("سهم بالاسری", AE57)),"ستاد",IF(ISNUMBER(SEARCH("پرداخت", AE57)),"پرداخت","-")))))) -> کارمزد بانکی | AH57: =AD57/(AD56+AD55) -> 7 | AK57: =IF(AJ57>0,(AI57-AJ57)/AI57,0) -> 0 | AM57: =IF(AL57>0,AL57*AK57,0) -> 0 | AN57: =AL57-AM57 -> 0
A58: مریم رضائی | F58: Project 2 | G58: تولید | H58: AED | I58: 1404/10/15 | O58: AED | Q58: € | U58: =L58*T58 -> 0 | V58: =L58-U58 -> 0 | AC58: 0 | AD58: 7 | AE58: قرض از تولید Project 2 به تولید Project 1 | AF58: 4 | AG58: =IF(ISNUMBER(SEARCH("عودت قرض", AE58)),"عودت قرض",IF(ISNUMBER(SEARCH("قرض", AE58)),"قرض",IF(ISNUMBER(SEARCH("کارمزد بانکی", AE58)),"کارمزد بانکی",IF(ISNUMBER(SEARCH("سهم پروژه", AE58)),"سهم پروژه",IF(ISNUMBER(SEARCH("سهم بالاسری", AE58)),"ستاد",IF(ISNUMBER(SEARCH("پرداخت", AE58)),"پرداخت","-")))))) -> قرض | AK58: =IF(AJ58>0,(AI58-AJ58)/AI58,0) -> 0 | AM58: =IF(AL58>0,AL58*AK58,0) -> 0 | AN58: =AL58-AM58 -> 0 | AO58: تولید | AP58: Project 1
A59: مریم رضائی | F59: Project 1 | G59: تولید | H59: AED | I59: 1404/10/15 | O59: AED | Q59: € | U59: =L59*T59 -> 0 | V59: =L59-U59 -> 0 | AC59: 7 | AD59: 0 | AE59: قرض از تولید Project 2 به تولید Project 1 | AF59: 4 | AG59: =IF(ISNUMBER(SEARCH("عودت قرض", AE59)),"عودت قرض",IF(ISNUMBER(SEARCH("قرض", AE59)),"قرض",IF(ISNUMBER(SEARCH("کارمزد بانکی", AE59)),"کارمزد بانکی",IF(ISNUMBER(SEARCH("سهم پروژه", AE59)),"سهم پروژه",IF(ISNUMBER(SEARCH("سهم بالاسری", AE59)),"ستاد",IF(ISNUMBER(SEARCH("پرداخت", AE59)),"پرداخت","-")))))) -> قرض | AK59: =IF(AJ59>0,(AI59-AJ59)/AI59,0) -> 0 | AM59: =IF(AL59>0,AL59*AK59,0) -> 0 | AN59: =AL59-AM59 -> 0 | AO59: تولید | AP59: Project 2
A60: مریم رضائی | F60: Project 2 | G60: تولید | H60: AED | I60: 1404/10/22 | N60: =P60*AD60 -> 36907500 | O60: AED | P60: 388500 | Q60: € | U60: =L60*T60 -> 0 | V60: =L60-U60 -> 0 | AC60: 0 | AD60: 95 | AE60: فروش درهم تولید Project 2 جهت ایجاد نقدینگی ریالی | AF60: 2 | AG60: پرداخت | AK60: =IF(AJ60>0,(AI60-AJ60)/AI60,0) -> 0 | AM60: =IF(AL60>0,AL60*AK60,0) -> 0 | AN60: =AL60-AM60 -> 0
A61: مریم رضائی | F61: سایر | G61: اداری | H61: AED | I61: 1404/10/22 | N61: =P61*AD61 -> 4662000 | O61: AED | P61: 388500 | Q61: € | U61: =L61*T61 -> 0 | V61: =L61-U61 -> 0 | AC61: 0 | AD61: 12 | AE61: فروش درهم ستاد به نرخ 388,500 ریال | AF61: 3 | AG61: ستاد | AK61: =IF(AJ61>0,(AI61-AJ61)/AI61,0) -> 0 | AM61: =IF(AL61>0,AL61*AK61,0) -> 0 | AN61: =AL61-AM61 -> 0
A62: مریم رضائی | E62: FP04006 | F62: Project 2 | G62: تولید | H62: AED | I62: 1404/10/24 | J62: 46037 | K62: 1404/10/25 | N62: =P62*AD62 -> 19350297 | O62: AED | P62: 372121.09 | Q62: € | U62: =L62*T62 -> 0 | V62: =L62-U62 -> 0 | W62: 20423 | X62: 1404/10/16 | Y62: 52407 | Z62: AED | AA62: وندور 10 | AB62: 13 | AC62: 0 | AD62: 52 | AE62: پرداخت ارزی | AF62: 2 | AG62: =IF(ISNUMBER(SEARCH("عودت قرض", AE62)),"عودت قرض",IF(ISNUMBER(SEARCH("قرض", AE62)),"قرض",IF(ISNUMBER(SEARCH("کارمزد بانکی", AE62)),"کارمزد بانکی",IF(ISNUMBER(SEARCH("سهم پروژه", AE62)),"سهم پروژه",IF(ISNUMBER(SEARCH("سهم بالاسری", AE62)),"ستاد",IF(ISNUMBER(SEARCH("پرداخت", AE62)),"پرداخت","-")))))) -> پرداخت | AK62: =IF(AJ62>0,(AI62-AJ62)/AI62,0) -> 0 | AM62: =IF(AL62>0,AL62*AK62,0) -> 0 | AN62: =AL62-AM62 -> 0 | AQ62: =AD62*100/87 -> 59.770115
A63: مریم رضائی | E63: FP04006 | F63: Project 2 | G63: تولید | H63: AED | I63: 1404/10/24 | O63: AED | Q63: € | U63: =L63*T63 -> 0 | V63: =L63-U63 -> 0 | AC63: 0 | AD63: 18 | AE63: بابت کارمزد بانکی تولید Project 2 | AF63: 2 | AG63: =IF(ISNUMBER(SEARCH("عودت قرض", AE63)),"عودت قرض",IF(ISNUMBER(SEARCH("قرض", AE63)),"قرض",IF(ISNUMBER(SEARCH("کارمزد بانکی", AE63)),"کارمزد بانکی",IF(ISNUMBER(SEARCH("سهم پروژه", AE63)),"سهم پروژه",IF(ISNUMBER(SEARCH("سهم بالاسری", AE63)),"ستاد",IF(ISNUMBER(SEARCH("پرداخت", AE63)),"پرداخت","-")))))) -> کارمزد بانکی | AH63: =AD63/AD62 -> 0.34615385 | AK63: =IF(AJ63>0,(AI63-AJ63)/AI63,0) -> 0 | AM63: =IF(AL63>0,AL63*AK63,0) -> 0 | AN63: =AL63-AM63 -> 0 | AQ63: =AD63*100/87 -> 20.689655
A64: مریم رضائی | F64: Project 2 | G64: تامین | H64: AED | I64: 1404/07/21 | O64: AED | Q64: € | U64: =L64*T64 -> 0 | V64: =L64-U64 -> 0 | AC64: 0 | AD64: 240 | AE64: انتقال از تامین Project 2 به تولید این پروژه | AF64: 2 | AG64: انتقال بین SBU | AI64: 0.87 | AJ64: 0.7 | AK64: =IF(AJ64>0,(AI64-AJ64)/AI64,0) -> 0.1954023 | AL64: =AD64 -> 240 | AM64: =IF(AL64>0,AL64*AK64,0) -> 46.896552 | AN64: =AL64-AM64 -> 193.10345
A65: مریم رضائی | F65: Project 2 | G65: تولید | H65: AED | I65: 1404/07/21 | O65: AED | Q65: € | U65: =L65*T65 -> 0 | V65: =L65-U65 -> 0 | AC65: =AN64 -> 193.10345 | AD65: 0 | AE65: انتقال از تامین Project 2 به تولید این پروژه | AF65: 1 | AG65: انتقال بین SBU | AK65: =IF(AJ65>0,(AI65-AJ65)/AI65,0) -> 0 | AM65: =IF(AL65>0,AL65*AK65,0) -> 0 | AN65: =AL65-AM65 -> 0
